Date,Year,Quarter,MonthNumber,MonthName,MonthYear,DayName,IsWeekend
2011-05-30 21:30:00,2011,2,5,May,2011-05,Monday,False
2011-05-31 21:30:00,2011,2,5,May,2011-05,Tuesday,False
2011-06-01 21:30:00,2011,2,6,June,2011-06,Wednesday,False
2011-06-02 21:30:00,2011,2,6,June,2011-06,Thursday,False
2011-06-03 21:30:00,2011,2,6,June,2011-06,Friday,False
2011-06-04 21:30:00,2011,2,6,June,2011-06,Saturday,True
2011-06-05 21:30:00,2011,2,6,June,2011-06,Sunday,True
2011-06-06 21:30:00,2011,2,6,June,2011-06,Monday,False
2011-06-07 21:30:00,2011,2,6,June,2011-06,Tuesday,False
2011-06-08 21:30:00,2011,2,6,June,2011-06,Wednesday,False
2011-06-09 21:30:00,2011,2,6,June,2011-06,Thursday,False
2011-06-10 21:30:00,2011,2,6,June,2011-06,Friday,False
2011-06-11 21:30:00,2011,2,6,June,2011-06,Saturday,True
2011-06-12 21:30:00,2011,2,6,June,2011-06,Sunday,True
2011-06-13 21:30:00,2011,2,6,June,2011-06,Monday,False
2011-06-14 21:30:00,2011,2,6,June,2011-06,Tuesday,False
2011-06-15 21:30:00,2011,2,6,June,2011-06,Wednesday,False
2011-06-16 21:30:00,2011,2,6,June,2011-06,Thursday,False
2011-06-17 21:30:00,2011,2,6,June,2011-06,Friday,False
2011-06-18 21:30:00,2011,2,6,June,2011-06,Saturday,True
2011-06-19 21:30:00,2011,2,6,June,2011-06,Sunday,True
2011-06-20 21:30:00,2011,2,6,June,2011-06,Monday,False
2011-06-21 21:30:00,2011,2,6,June,2011-06,Tuesday,False
2011-06-22 21:30:00,2011,2,6,June,2011-06,Wednesday,False
2011-06-23 21:30:00,2011,2,6,June,2011-06,Thursday,False
2011-06-24 21:30:00,2011,2,6,June,2011-06,Friday,False
2011-06-25 21:30:00,2011,2,6,June,2011-06,Saturday,True
2011-06-26 21:30:00,2011,2,6,June,2011-06,Sunday,True
2011-06-27 21:30:00,2011,2,6,June,2011-06,Monday,False
2011-06-28 21:30:00,2011,2,6,June,2011-06,Tuesday,False
2011-06-29 21:30:00,2011,2,6,June,2011-06,Wednesday,False
2011-06-30 21:30:00,2011,2,6,June,2011-06,Thursday,False
2011-07-01 21:30:00,2011,3,7,July,2011-07,Friday,False
2011-07-02 21:30:00,2011,3,7,July,2011-07,Saturday,True
2011-07-03 21:30:00,2011,3,7,July,2011-07,Sunday,True
2011-07-04 21:30:00,2011,3,7,July,2011-07,Monday,False
2011-07-05 21:30:00,2011,3,7,July,2011-07,Tuesday,False
2011-07-06 21:30:00,2011,3,7,July,2011-07,Wednesday,False
2011-07-07 21:30:00,2011,3,7,July,2011-07,Thursday,False
2011-07-08 21:30:00,2011,3,7,July,2011-07,Friday,False
2011-07-09 21:30:00,2011,3,7,July,2011-07,Saturday,True
2011-07-10 21:30:00,2011,3,7,July,2011-07,Sunday,True
2011-07-11 21:30:00,2011,3,7,July,2011-07,Monday,False
2011-07-12 21:30:00,2011,3,7,July,2011-07,Tuesday,False
2011-07-13 21:30:00,2011,3,7,July,2011-07,Wednesday,False
2011-07-14 21:30:00,2011,3,7,July,2011-07,Thursday,False
2011-07-15 21:30:00,2011,3,7,July,2011-07,Friday,False
2011-07-16 21:30:00,2011,3,7,July,2011-07,Saturday,True
2011-07-17 21:30:00,2011,3,7,July,2011-07,Sunday,True
2011-07-18 21:30:00,2011,3,7,July,2011-07,Monday,False
2011-07-19 21:30:00,2011,3,7,July,2011-07,Tuesday,False
2011-07-20 21:30:00,2011,3,7,July,2011-07,Wednesday,False
2011-07-21 21:30:00,2011,3,7,July,2011-07,Thursday,False
2011-07-22 21:30:00,2011,3,7,July,2011-07,Friday,False
2011-07-23 21:30:00,2011,3,7,July,2011-07,Saturday,True
2011-07-24 21:30:00,2011,3,7,July,2011-07,Sunday,True
2011-07-25 21:30:00,2011,3,7,July,2011-07,Monday,False
2011-07-26 21:30:00,2011,3,7,July,2011-07,Tuesday,False
2011-07-27 21:30:00,2011,3,7,July,2011-07,Wednesday,False
2011-07-28 21:30:00,2011,3,7,July,2011-07,Thursday,False
2011-07-29 21:30:00,2011,3,7,July,2011-07,Friday,False
2011-07-30 21:30:00,2011,3,7,July,2011-07,Saturday,True
2011-07-31 21:30:00,2011,3,7,July,2011-07,Sunday,True
2011-08-01 21:30:00,2011,3,8,August,2011-08,Monday,False
2011-08-02 21:30:00,2011,3,8,August,2011-08,Tuesday,False
2011-08-03 21:30:00,2011,3,8,August,2011-08,Wednesday,False
2011-08-04 21:30:00,2011,3,8,August,2011-08,Thursday,False
2011-08-05 21:30:00,2011,3,8,August,2011-08,Friday,False
2011-08-06 21:30:00,2011,3,8,August,2011-08,Saturday,True
2011-08-07 21:30:00,2011,3,8,August,2011-08,Sunday,True
2011-08-08 21:30:00,2011,3,8,August,2011-08,Monday,False
2011-08-09 21:30:00,2011,3,8,August,2011-08,Tuesday,False
2011-08-10 21:30:00,2011,3,8,August,2011-08,Wednesday,False
2011-08-11 21:30:00,2011,3,8,August,2011-08,Thursday,False
2011-08-12 21:30:00,2011,3,8,August,2011-08,Friday,False
2011-08-13 21:30:00,2011,3,8,August,2011-08,Saturday,True
2011-08-14 21:30:00,2011,3,8,August,2011-08,Sunday,True
2011-08-15 21:30:00,2011,3,8,August,2011-08,Monday,False
2011-08-16 21:30:00,2011,3,8,August,2011-08,Tuesday,False
2011-08-17 21:30:00,2011,3,8,August,2011-08,Wednesday,False
2011-08-18 21:30:00,2011,3,8,August,2011-08,Thursday,False
2011-08-19 21:30:00,2011,3,8,August,2011-08,Friday,False
2011-08-20 21:30:00,2011,3,8,August,2011-08,Saturday,True
2011-08-21 21:30:00,2011,3,8,August,2011-08,Sunday,True
2011-08-22 21:30:00,2011,3,8,August,2011-08,Monday,False
2011-08-23 21:30:00,2011,3,8,August,2011-08,Tuesday,False
2011-08-24 21:30:00,2011,3,8,August,2011-08,Wednesday,False
2011-08-25 21:30:00,2011,3,8,August,2011-08,Thursday,False
2011-08-26 21:30:00,2011,3,8,August,2011-08,Friday,False
2011-08-27 21:30:00,2011,3,8,August,2011-08,Saturday,True
2011-08-28 21:30:00,2011,3,8,August,2011-08,Sunday,True
2011-08-29 21:30:00,2011,3,8,August,2011-08,Monday,False
2011-08-30 21:30:00,2011,3,8,August,2011-08,Tuesday,False
2011-08-31 21:30:00,2011,3,8,August,2011-08,Wednesday,False
2011-09-01 21:30:00,2011,3,9,September,2011-09,Thursday,False
2011-09-02 21:30:00,2011,3,9,September,2011-09,Friday,False
2011-09-03 21:30:00,2011,3,9,September,2011-09,Saturday,True
2011-09-04 21:30:00,2011,3,9,September,2011-09,Sunday,True
2011-09-05 21:30:00,2011,3,9,September,2011-09,Monday,False
2011-09-06 21:30:00,2011,3,9,September,2011-09,Tuesday,False
2011-09-07 21:30:00,2011,3,9,September,2011-09,Wednesday,False
2011-09-08 21:30:00,2011,3,9,September,2011-09,Thursday,False
2011-09-09 21:30:00,2011,3,9,September,2011-09,Friday,False
2011-09-10 21:30:00,2011,3,9,September,2011-09,Saturday,True
2011-09-11 21:30:00,2011,3,9,September,2011-09,Sunday,True
2011-09-12 21:30:00,2011,3,9,September,2011-09,Monday,False
2011-09-13 21:30:00,2011,3,9,September,2011-09,Tuesday,False
2011-09-14 21:30:00,2011,3,9,September,2011-09,Wednesday,False
2011-09-15 21:30:00,2011,3,9,September,2011-09,Thursday,False
2011-09-16 21:30:00,2011,3,9,September,2011-09,Friday,False
2011-09-17 21:30:00,2011,3,9,September,2011-09,Saturday,True
2011-09-18 21:30:00,2011,3,9,September,2011-09,Sunday,True
2011-09-19 21:30:00,2011,3,9,September,2011-09,Monday,False
2011-09-20 21:30:00,2011,3,9,September,2011-09,Tuesday,False
2011-09-21 21:30:00,2011,3,9,September,2011-09,Wednesday,False
2011-09-22 21:30:00,2011,3,9,September,2011-09,Thursday,False
2011-09-23 21:30:00,2011,3,9,September,2011-09,Friday,False
2011-09-24 21:30:00,2011,3,9,September,2011-09,Saturday,True
2011-09-25 21:30:00,2011,3,9,September,2011-09,Sunday,True
2011-09-26 21:30:00,2011,3,9,September,2011-09,Monday,False
2011-09-27 21:30:00,2011,3,9,September,2011-09,Tuesday,False
2011-09-28 21:30:00,2011,3,9,September,2011-09,Wednesday,False
2011-09-29 21:30:00,2011,3,9,September,2011-09,Thursday,False
2011-09-30 21:30:00,2011,3,9,September,2011-09,Friday,False
2011-10-01 21:30:00,2011,4,10,October,2011-10,Saturday,True
2011-10-02 21:30:00,2011,4,10,October,2011-10,Sunday,True
2011-10-03 21:30:00,2011,4,10,October,2011-10,Monday,False
2011-10-04 21:30:00,2011,4,10,October,2011-10,Tuesday,False
2011-10-05 21:30:00,2011,4,10,October,2011-10,Wednesday,False
2011-10-06 21:30:00,2011,4,10,October,2011-10,Thursday,False
2011-10-07 21:30:00,2011,4,10,October,2011-10,Friday,False
2011-10-08 21:30:00,2011,4,10,October,2011-10,Saturday,True
2011-10-09 21:30:00,2011,4,10,October,2011-10,Sunday,True
2011-10-10 21:30:00,2011,4,10,October,2011-10,Monday,False
2011-10-11 21:30:00,2011,4,10,October,2011-10,Tuesday,False
2011-10-12 21:30:00,2011,4,10,October,2011-10,Wednesday,False
2011-10-13 21:30:00,2011,4,10,October,2011-10,Thursday,False
2011-10-14 21:30:00,2011,4,10,October,2011-10,Friday,False
2011-10-15 21:30:00,2011,4,10,October,2011-10,Saturday,True
2011-10-16 21:30:00,2011,4,10,October,2011-10,Sunday,True
2011-10-17 21:30:00,2011,4,10,October,2011-10,Monday,False
2011-10-18 21:30:00,2011,4,10,October,2011-10,Tuesday,False
2011-10-19 21:30:00,2011,4,10,October,2011-10,Wednesday,False
2011-10-20 21:30:00,2011,4,10,October,2011-10,Thursday,False
2011-10-21 21:30:00,2011,4,10,October,2011-10,Friday,False
2011-10-22 21:30:00,2011,4,10,October,2011-10,Saturday,True
2011-10-23 21:30:00,2011,4,10,October,2011-10,Sunday,True
2011-10-24 21:30:00,2011,4,10,October,2011-10,Monday,False
2011-10-25 21:30:00,2011,4,10,October,2011-10,Tuesday,False
2011-10-26 21:30:00,2011,4,10,October,2011-10,Wednesday,False
2011-10-27 21:30:00,2011,4,10,October,2011-10,Thursday,False
2011-10-28 21:30:00,2011,4,10,October,2011-10,Friday,False
2011-10-29 21:30:00,2011,4,10,October,2011-10,Saturday,True
2011-10-30 21:30:00,2011,4,10,October,2011-10,Sunday,True
2011-10-31 21:30:00,2011,4,10,October,2011-10,Monday,False
2011-11-01 21:30:00,2011,4,11,November,2011-11,Tuesday,False
2011-11-02 21:30:00,2011,4,11,November,2011-11,Wednesday,False
2011-11-03 21:30:00,2011,4,11,November,2011-11,Thursday,False
2011-11-04 21:30:00,2011,4,11,November,2011-11,Friday,False
2011-11-05 21:30:00,2011,4,11,November,2011-11,Saturday,True
2011-11-06 21:30:00,2011,4,11,November,2011-11,Sunday,True
2011-11-07 21:30:00,2011,4,11,November,2011-11,Monday,False
2011-11-08 21:30:00,2011,4,11,November,2011-11,Tuesday,False
2011-11-09 21:30:00,2011,4,11,November,2011-11,Wednesday,False
2011-11-10 21:30:00,2011,4,11,November,2011-11,Thursday,False
2011-11-11 21:30:00,2011,4,11,November,2011-11,Friday,False
2011-11-12 21:30:00,2011,4,11,November,2011-11,Saturday,True
2011-11-13 21:30:00,2011,4,11,November,2011-11,Sunday,True
2011-11-14 21:30:00,2011,4,11,November,2011-11,Monday,False
2011-11-15 21:30:00,2011,4,11,November,2011-11,Tuesday,False
2011-11-16 21:30:00,2011,4,11,November,2011-11,Wednesday,False
2011-11-17 21:30:00,2011,4,11,November,2011-11,Thursday,False
2011-11-18 21:30:00,2011,4,11,November,2011-11,Friday,False
2011-11-19 21:30:00,2011,4,11,November,2011-11,Saturday,True
2011-11-20 21:30:00,2011,4,11,November,2011-11,Sunday,True
2011-11-21 21:30:00,2011,4,11,November,2011-11,Monday,False
2011-11-22 21:30:00,2011,4,11,November,2011-11,Tuesday,False
2011-11-23 21:30:00,2011,4,11,November,2011-11,Wednesday,False
2011-11-24 21:30:00,2011,4,11,November,2011-11,Thursday,False
2011-11-25 21:30:00,2011,4,11,November,2011-11,Friday,False
2011-11-26 21:30:00,2011,4,11,November,2011-11,Saturday,True
2011-11-27 21:30:00,2011,4,11,November,2011-11,Sunday,True
2011-11-28 21:30:00,2011,4,11,November,2011-11,Monday,False
2011-11-29 21:30:00,2011,4,11,November,2011-11,Tuesday,False
2011-11-30 21:30:00,2011,4,11,November,2011-11,Wednesday,False
2011-12-01 21:30:00,2011,4,12,December,2011-12,Thursday,False
2011-12-02 21:30:00,2011,4,12,December,2011-12,Friday,False
2011-12-03 21:30:00,2011,4,12,December,2011-12,Saturday,True
2011-12-04 21:30:00,2011,4,12,December,2011-12,Sunday,True
2011-12-05 21:30:00,2011,4,12,December,2011-12,Monday,False
2011-12-06 21:30:00,2011,4,12,December,2011-12,Tuesday,False
2011-12-07 21:30:00,2011,4,12,December,2011-12,Wednesday,False
2011-12-08 21:30:00,2011,4,12,December,2011-12,Thursday,False
2011-12-09 21:30:00,2011,4,12,December,2011-12,Friday,False
2011-12-10 21:30:00,2011,4,12,December,2011-12,Saturday,True
2011-12-11 21:30:00,2011,4,12,December,2011-12,Sunday,True
2011-12-12 21:30:00,2011,4,12,December,2011-12,Monday,False
2011-12-13 21:30:00,2011,4,12,December,2011-12,Tuesday,False
2011-12-14 21:30:00,2011,4,12,December,2011-12,Wednesday,False
2011-12-15 21:30:00,2011,4,12,December,2011-12,Thursday,False
2011-12-16 21:30:00,2011,4,12,December,2011-12,Friday,False
2011-12-17 21:30:00,2011,4,12,December,2011-12,Saturday,True
2011-12-18 21:30:00,2011,4,12,December,2011-12,Sunday,True
2011-12-19 21:30:00,2011,4,12,December,2011-12,Monday,False
2011-12-20 21:30:00,2011,4,12,December,2011-12,Tuesday,False
2011-12-21 21:30:00,2011,4,12,December,2011-12,Wednesday,False
2011-12-22 21:30:00,2011,4,12,December,2011-12,Thursday,False
2011-12-23 21:30:00,2011,4,12,December,2011-12,Friday,False
2011-12-24 21:30:00,2011,4,12,December,2011-12,Saturday,True
2011-12-25 21:30:00,2011,4,12,December,2011-12,Sunday,True
2011-12-26 21:30:00,2011,4,12,December,2011-12,Monday,False
2011-12-27 21:30:00,2011,4,12,December,2011-12,Tuesday,False
2011-12-28 21:30:00,2011,4,12,December,2011-12,Wednesday,False
2011-12-29 21:30:00,2011,4,12,December,2011-12,Thursday,False
2011-12-30 21:30:00,2011,4,12,December,2011-12,Friday,False
2011-12-31 21:30:00,2011,4,12,December,2011-12,Saturday,True
2012-01-01 21:30:00,2012,1,1,January,2012-01,Sunday,True
2012-01-02 21:30:00,2012,1,1,January,2012-01,Monday,False
2012-01-03 21:30:00,2012,1,1,January,2012-01,Tuesday,False
2012-01-04 21:30:00,2012,1,1,January,2012-01,Wednesday,False
2012-01-05 21:30:00,2012,1,1,January,2012-01,Thursday,False
2012-01-06 21:30:00,2012,1,1,January,2012-01,Friday,False
2012-01-07 21:30:00,2012,1,1,January,2012-01,Saturday,True
2012-01-08 21:30:00,2012,1,1,January,2012-01,Sunday,True
2012-01-09 21:30:00,2012,1,1,January,2012-01,Monday,False
2012-01-10 21:30:00,2012,1,1,January,2012-01,Tuesday,False
2012-01-11 21:30:00,2012,1,1,January,2012-01,Wednesday,False
2012-01-12 21:30:00,2012,1,1,January,2012-01,Thursday,False
2012-01-13 21:30:00,2012,1,1,January,2012-01,Friday,False
2012-01-14 21:30:00,2012,1,1,January,2012-01,Saturday,True
2012-01-15 21:30:00,2012,1,1,January,2012-01,Sunday,True
2012-01-16 21:30:00,2012,1,1,January,2012-01,Monday,False
2012-01-17 21:30:00,2012,1,1,January,2012-01,Tuesday,False
2012-01-18 21:30:00,2012,1,1,January,2012-01,Wednesday,False
2012-01-19 21:30:00,2012,1,1,January,2012-01,Thursday,False
2012-01-20 21:30:00,2012,1,1,January,2012-01,Friday,False
2012-01-21 21:30:00,2012,1,1,January,2012-01,Saturday,True
2012-01-22 21:30:00,2012,1,1,January,2012-01,Sunday,True
2012-01-23 21:30:00,2012,1,1,January,2012-01,Monday,False
2012-01-24 21:30:00,2012,1,1,January,2012-01,Tuesday,False
2012-01-25 21:30:00,2012,1,1,January,2012-01,Wednesday,False
2012-01-26 21:30:00,2012,1,1,January,2012-01,Thursday,False
2012-01-27 21:30:00,2012,1,1,January,2012-01,Friday,False
2012-01-28 21:30:00,2012,1,1,January,2012-01,Saturday,True
2012-01-29 21:30:00,2012,1,1,January,2012-01,Sunday,True
2012-01-30 21:30:00,2012,1,1,January,2012-01,Monday,False
2012-01-31 21:30:00,2012,1,1,January,2012-01,Tuesday,False
2012-02-01 21:30:00,2012,1,2,February,2012-02,Wednesday,False
2012-02-02 21:30:00,2012,1,2,February,2012-02,Thursday,False
2012-02-03 21:30:00,2012,1,2,February,2012-02,Friday,False
2012-02-04 21:30:00,2012,1,2,February,2012-02,Saturday,True
2012-02-05 21:30:00,2012,1,2,February,2012-02,Sunday,True
2012-02-06 21:30:00,2012,1,2,February,2012-02,Monday,False
2012-02-07 21:30:00,2012,1,2,February,2012-02,Tuesday,False
2012-02-08 21:30:00,2012,1,2,February,2012-02,Wednesday,False
2012-02-09 21:30:00,2012,1,2,February,2012-02,Thursday,False
2012-02-10 21:30:00,2012,1,2,February,2012-02,Friday,False
2012-02-11 21:30:00,2012,1,2,February,2012-02,Saturday,True
2012-02-12 21:30:00,2012,1,2,February,2012-02,Sunday,True
2012-02-13 21:30:00,2012,1,2,February,2012-02,Monday,False
2012-02-14 21:30:00,2012,1,2,February,2012-02,Tuesday,False
2012-02-15 21:30:00,2012,1,2,February,2012-02,Wednesday,False
2012-02-16 21:30:00,2012,1,2,February,2012-02,Thursday,False
2012-02-17 21:30:00,2012,1,2,February,2012-02,Friday,False
2012-02-18 21:30:00,2012,1,2,February,2012-02,Saturday,True
2012-02-19 21:30:00,2012,1,2,February,2012-02,Sunday,True
2012-02-20 21:30:00,2012,1,2,February,2012-02,Monday,False
2012-02-21 21:30:00,2012,1,2,February,2012-02,Tuesday,False
2012-02-22 21:30:00,2012,1,2,February,2012-02,Wednesday,False
2012-02-23 21:30:00,2012,1,2,February,2012-02,Thursday,False
2012-02-24 21:30:00,2012,1,2,February,2012-02,Friday,False
2012-02-25 21:30:00,2012,1,2,February,2012-02,Saturday,True
2012-02-26 21:30:00,2012,1,2,February,2012-02,Sunday,True
2012-02-27 21:30:00,2012,1,2,February,2012-02,Monday,False
2012-02-28 21:30:00,2012,1,2,February,2012-02,Tuesday,False
2012-02-29 21:30:00,2012,1,2,February,2012-02,Wednesday,False
2012-03-01 21:30:00,2012,1,3,March,2012-03,Thursday,False
2012-03-02 21:30:00,2012,1,3,March,2012-03,Friday,False
2012-03-03 21:30:00,2012,1,3,March,2012-03,Saturday,True
2012-03-04 21:30:00,2012,1,3,March,2012-03,Sunday,True
2012-03-05 21:30:00,2012,1,3,March,2012-03,Monday,False
2012-03-06 21:30:00,2012,1,3,March,2012-03,Tuesday,False
2012-03-07 21:30:00,2012,1,3,March,2012-03,Wednesday,False
2012-03-08 21:30:00,2012,1,3,March,2012-03,Thursday,False
2012-03-09 21:30:00,2012,1,3,March,2012-03,Friday,False
2012-03-10 21:30:00,2012,1,3,March,2012-03,Saturday,True
2012-03-11 21:30:00,2012,1,3,March,2012-03,Sunday,True
2012-03-12 21:30:00,2012,1,3,March,2012-03,Monday,False
2012-03-13 21:30:00,2012,1,3,March,2012-03,Tuesday,False
2012-03-14 21:30:00,2012,1,3,March,2012-03,Wednesday,False
2012-03-15 21:30:00,2012,1,3,March,2012-03,Thursday,False
2012-03-16 21:30:00,2012,1,3,March,2012-03,Friday,False
2012-03-17 21:30:00,2012,1,3,March,2012-03,Saturday,True
2012-03-18 21:30:00,2012,1,3,March,2012-03,Sunday,True
2012-03-19 21:30:00,2012,1,3,March,2012-03,Monday,False
2012-03-20 21:30:00,2012,1,3,March,2012-03,Tuesday,False
2012-03-21 21:30:00,2012,1,3,March,2012-03,Wednesday,False
2012-03-22 21:30:00,2012,1,3,March,2012-03,Thursday,False
2012-03-23 21:30:00,2012,1,3,March,2012-03,Friday,False
2012-03-24 21:30:00,2012,1,3,March,2012-03,Saturday,True
2012-03-25 21:30:00,2012,1,3,March,2012-03,Sunday,True
2012-03-26 21:30:00,2012,1,3,March,2012-03,Monday,False
2012-03-27 21:30:00,2012,1,3,March,2012-03,Tuesday,False
2012-03-28 21:30:00,2012,1,3,March,2012-03,Wednesday,False
2012-03-29 21:30:00,2012,1,3,March,2012-03,Thursday,False
2012-03-30 21:30:00,2012,1,3,March,2012-03,Friday,False
2012-03-31 21:30:00,2012,1,3,March,2012-03,Saturday,True
2012-04-01 21:30:00,2012,2,4,April,2012-04,Sunday,True
2012-04-02 21:30:00,2012,2,4,April,2012-04,Monday,False
2012-04-03 21:30:00,2012,2,4,April,2012-04,Tuesday,False
2012-04-04 21:30:00,2012,2,4,April,2012-04,Wednesday,False
2012-04-05 21:30:00,2012,2,4,April,2012-04,Thursday,False
2012-04-06 21:30:00,2012,2,4,April,2012-04,Friday,False
2012-04-07 21:30:00,2012,2,4,April,2012-04,Saturday,True
2012-04-08 21:30:00,2012,2,4,April,2012-04,Sunday,True
2012-04-09 21:30:00,2012,2,4,April,2012-04,Monday,False
2012-04-10 21:30:00,2012,2,4,April,2012-04,Tuesday,False
2012-04-11 21:30:00,2012,2,4,April,2012-04,Wednesday,False
2012-04-12 21:30:00,2012,2,4,April,2012-04,Thursday,False
2012-04-13 21:30:00,2012,2,4,April,2012-04,Friday,False
2012-04-14 21:30:00,2012,2,4,April,2012-04,Saturday,True
2012-04-15 21:30:00,2012,2,4,April,2012-04,Sunday,True
2012-04-16 21:30:00,2012,2,4,April,2012-04,Monday,False
2012-04-17 21:30:00,2012,2,4,April,2012-04,Tuesday,False
2012-04-18 21:30:00,2012,2,4,April,2012-04,Wednesday,False
2012-04-19 21:30:00,2012,2,4,April,2012-04,Thursday,False
2012-04-20 21:30:00,2012,2,4,April,2012-04,Friday,False
2012-04-21 21:30:00,2012,2,4,April,2012-04,Saturday,True
2012-04-22 21:30:00,2012,2,4,April,2012-04,Sunday,True
2012-04-23 21:30:00,2012,2,4,April,2012-04,Monday,False
2012-04-24 21:30:00,2012,2,4,April,2012-04,Tuesday,False
2012-04-25 21:30:00,2012,2,4,April,2012-04,Wednesday,False
2012-04-26 21:30:00,2012,2,4,April,2012-04,Thursday,False
2012-04-27 21:30:00,2012,2,4,April,2012-04,Friday,False
2012-04-28 21:30:00,2012,2,4,April,2012-04,Saturday,True
2012-04-29 21:30:00,2012,2,4,April,2012-04,Sunday,True
2012-04-30 21:30:00,2012,2,4,April,2012-04,Monday,False
2012-05-01 21:30:00,2012,2,5,May,2012-05,Tuesday,False
2012-05-02 21:30:00,2012,2,5,May,2012-05,Wednesday,False
2012-05-03 21:30:00,2012,2,5,May,2012-05,Thursday,False
2012-05-04 21:30:00,2012,2,5,May,2012-05,Friday,False
2012-05-05 21:30:00,2012,2,5,May,2012-05,Saturday,True
2012-05-06 21:30:00,2012,2,5,May,2012-05,Sunday,True
2012-05-07 21:30:00,2012,2,5,May,2012-05,Monday,False
2012-05-08 21:30:00,2012,2,5,May,2012-05,Tuesday,False
2012-05-09 21:30:00,2012,2,5,May,2012-05,Wednesday,False
2012-05-10 21:30:00,2012,2,5,May,2012-05,Thursday,False
2012-05-11 21:30:00,2012,2,5,May,2012-05,Friday,False
2012-05-12 21:30:00,2012,2,5,May,2012-05,Saturday,True
2012-05-13 21:30:00,2012,2,5,May,2012-05,Sunday,True
2012-05-14 21:30:00,2012,2,5,May,2012-05,Monday,False
2012-05-15 21:30:00,2012,2,5,May,2012-05,Tuesday,False
2012-05-16 21:30:00,2012,2,5,May,2012-05,Wednesday,False
2012-05-17 21:30:00,2012,2,5,May,2012-05,Thursday,False
2012-05-18 21:30:00,2012,2,5,May,2012-05,Friday,False
2012-05-19 21:30:00,2012,2,5,May,2012-05,Saturday,True
2012-05-20 21:30:00,2012,2,5,May,2012-05,Sunday,True
2012-05-21 21:30:00,2012,2,5,May,2012-05,Monday,False
2012-05-22 21:30:00,2012,2,5,May,2012-05,Tuesday,False
2012-05-23 21:30:00,2012,2,5,May,2012-05,Wednesday,False
2012-05-24 21:30:00,2012,2,5,May,2012-05,Thursday,False
2012-05-25 21:30:00,2012,2,5,May,2012-05,Friday,False
2012-05-26 21:30:00,2012,2,5,May,2012-05,Saturday,True
2012-05-27 21:30:00,2012,2,5,May,2012-05,Sunday,True
2012-05-28 21:30:00,2012,2,5,May,2012-05,Monday,False
2012-05-29 21:30:00,2012,2,5,May,2012-05,Tuesday,False
2012-05-30 21:30:00,2012,2,5,May,2012-05,Wednesday,False
2012-05-31 21:30:00,2012,2,5,May,2012-05,Thursday,False
2012-06-01 21:30:00,2012,2,6,June,2012-06,Friday,False
2012-06-02 21:30:00,2012,2,6,June,2012-06,Saturday,True
2012-06-03 21:30:00,2012,2,6,June,2012-06,Sunday,True
2012-06-04 21:30:00,2012,2,6,June,2012-06,Monday,False
2012-06-05 21:30:00,2012,2,6,June,2012-06,Tuesday,False
2012-06-06 21:30:00,2012,2,6,June,2012-06,Wednesday,False
2012-06-07 21:30:00,2012,2,6,June,2012-06,Thursday,False
2012-06-08 21:30:00,2012,2,6,June,2012-06,Friday,False
2012-06-09 21:30:00,2012,2,6,June,2012-06,Saturday,True
2012-06-10 21:30:00,2012,2,6,June,2012-06,Sunday,True
2012-06-11 21:30:00,2012,2,6,June,2012-06,Monday,False
2012-06-12 21:30:00,2012,2,6,June,2012-06,Tuesday,False
2012-06-13 21:30:00,2012,2,6,June,2012-06,Wednesday,False
2012-06-14 21:30:00,2012,2,6,June,2012-06,Thursday,False
2012-06-15 21:30:00,2012,2,6,June,2012-06,Friday,False
2012-06-16 21:30:00,2012,2,6,June,2012-06,Saturday,True
2012-06-17 21:30:00,2012,2,6,June,2012-06,Sunday,True
2012-06-18 21:30:00,2012,2,6,June,2012-06,Monday,False
2012-06-19 21:30:00,2012,2,6,June,2012-06,Tuesday,False
2012-06-20 21:30:00,2012,2,6,June,2012-06,Wednesday,False
2012-06-21 21:30:00,2012,2,6,June,2012-06,Thursday,False
2012-06-22 21:30:00,2012,2,6,June,2012-06,Friday,False
2012-06-23 21:30:00,2012,2,6,June,2012-06,Saturday,True
2012-06-24 21:30:00,2012,2,6,June,2012-06,Sunday,True
2012-06-25 21:30:00,2012,2,6,June,2012-06,Monday,False
2012-06-26 21:30:00,2012,2,6,June,2012-06,Tuesday,False
2012-06-27 21:30:00,2012,2,6,June,2012-06,Wednesday,False
2012-06-28 21:30:00,2012,2,6,June,2012-06,Thursday,False
2012-06-29 21:30:00,2012,2,6,June,2012-06,Friday,False
2012-06-30 21:30:00,2012,2,6,June,2012-06,Saturday,True
2012-07-01 21:30:00,2012,3,7,July,2012-07,Sunday,True
2012-07-02 21:30:00,2012,3,7,July,2012-07,Monday,False
2012-07-03 21:30:00,2012,3,7,July,2012-07,Tuesday,False
2012-07-04 21:30:00,2012,3,7,July,2012-07,Wednesday,False
2012-07-05 21:30:00,2012,3,7,July,2012-07,Thursday,False
2012-07-06 21:30:00,2012,3,7,July,2012-07,Friday,False
2012-07-07 21:30:00,2012,3,7,July,2012-07,Saturday,True
2012-07-08 21:30:00,2012,3,7,July,2012-07,Sunday,True
2012-07-09 21:30:00,2012,3,7,July,2012-07,Monday,False
2012-07-10 21:30:00,2012,3,7,July,2012-07,Tuesday,False
2012-07-11 21:30:00,2012,3,7,July,2012-07,Wednesday,False
2012-07-12 21:30:00,2012,3,7,July,2012-07,Thursday,False
2012-07-13 21:30:00,2012,3,7,July,2012-07,Friday,False
2012-07-14 21:30:00,2012,3,7,July,2012-07,Saturday,True
2012-07-15 21:30:00,2012,3,7,July,2012-07,Sunday,True
2012-07-16 21:30:00,2012,3,7,July,2012-07,Monday,False
2012-07-17 21:30:00,2012,3,7,July,2012-07,Tuesday,False
2012-07-18 21:30:00,2012,3,7,July,2012-07,Wednesday,False
2012-07-19 21:30:00,2012,3,7,July,2012-07,Thursday,False
2012-07-20 21:30:00,2012,3,7,July,2012-07,Friday,False
2012-07-21 21:30:00,2012,3,7,July,2012-07,Saturday,True
2012-07-22 21:30:00,2012,3,7,July,2012-07,Sunday,True
2012-07-23 21:30:00,2012,3,7,July,2012-07,Monday,False
2012-07-24 21:30:00,2012,3,7,July,2012-07,Tuesday,False
2012-07-25 21:30:00,2012,3,7,July,2012-07,Wednesday,False
2012-07-26 21:30:00,2012,3,7,July,2012-07,Thursday,False
2012-07-27 21:30:00,2012,3,7,July,2012-07,Friday,False
2012-07-28 21:30:00,2012,3,7,July,2012-07,Saturday,True
2012-07-29 21:30:00,2012,3,7,July,2012-07,Sunday,True
2012-07-30 21:30:00,2012,3,7,July,2012-07,Monday,False
2012-07-31 21:30:00,2012,3,7,July,2012-07,Tuesday,False
2012-08-01 21:30:00,2012,3,8,August,2012-08,Wednesday,False
2012-08-02 21:30:00,2012,3,8,August,2012-08,Thursday,False
2012-08-03 21:30:00,2012,3,8,August,2012-08,Friday,False
2012-08-04 21:30:00,2012,3,8,August,2012-08,Saturday,True
2012-08-05 21:30:00,2012,3,8,August,2012-08,Sunday,True
2012-08-06 21:30:00,2012,3,8,August,2012-08,Monday,False
2012-08-07 21:30:00,2012,3,8,August,2012-08,Tuesday,False
2012-08-08 21:30:00,2012,3,8,August,2012-08,Wednesday,False
2012-08-09 21:30:00,2012,3,8,August,2012-08,Thursday,False
2012-08-10 21:30:00,2012,3,8,August,2012-08,Friday,False
2012-08-11 21:30:00,2012,3,8,August,2012-08,Saturday,True
2012-08-12 21:30:00,2012,3,8,August,2012-08,Sunday,True
2012-08-13 21:30:00,2012,3,8,August,2012-08,Monday,False
2012-08-14 21:30:00,2012,3,8,August,2012-08,Tuesday,False
2012-08-15 21:30:00,2012,3,8,August,2012-08,Wednesday,False
2012-08-16 21:30:00,2012,3,8,August,2012-08,Thursday,False
2012-08-17 21:30:00,2012,3,8,August,2012-08,Friday,False
2012-08-18 21:30:00,2012,3,8,August,2012-08,Saturday,True
2012-08-19 21:30:00,2012,3,8,August,2012-08,Sunday,True
2012-08-20 21:30:00,2012,3,8,August,2012-08,Monday,False
2012-08-21 21:30:00,2012,3,8,August,2012-08,Tuesday,False
2012-08-22 21:30:00,2012,3,8,August,2012-08,Wednesday,False
2012-08-23 21:30:00,2012,3,8,August,2012-08,Thursday,False
2012-08-24 21:30:00,2012,3,8,August,2012-08,Friday,False
2012-08-25 21:30:00,2012,3,8,August,2012-08,Saturday,True
2012-08-26 21:30:00,2012,3,8,August,2012-08,Sunday,True
2012-08-27 21:30:00,2012,3,8,August,2012-08,Monday,False
2012-08-28 21:30:00,2012,3,8,August,2012-08,Tuesday,False
2012-08-29 21:30:00,2012,3,8,August,2012-08,Wednesday,False
2012-08-30 21:30:00,2012,3,8,August,2012-08,Thursday,False
2012-08-31 21:30:00,2012,3,8,August,2012-08,Friday,False
2012-09-01 21:30:00,2012,3,9,September,2012-09,Saturday,True
2012-09-02 21:30:00,2012,3,9,September,2012-09,Sunday,True
2012-09-03 21:30:00,2012,3,9,September,2012-09,Monday,False
2012-09-04 21:30:00,2012,3,9,September,2012-09,Tuesday,False
2012-09-05 21:30:00,2012,3,9,September,2012-09,Wednesday,False
2012-09-06 21:30:00,2012,3,9,September,2012-09,Thursday,False
2012-09-07 21:30:00,2012,3,9,September,2012-09,Friday,False
2012-09-08 21:30:00,2012,3,9,September,2012-09,Saturday,True
2012-09-09 21:30:00,2012,3,9,September,2012-09,Sunday,True
2012-09-10 21:30:00,2012,3,9,September,2012-09,Monday,False
2012-09-11 21:30:00,2012,3,9,September,2012-09,Tuesday,False
2012-09-12 21:30:00,2012,3,9,September,2012-09,Wednesday,False
2012-09-13 21:30:00,2012,3,9,September,2012-09,Thursday,False
2012-09-14 21:30:00,2012,3,9,September,2012-09,Friday,False
2012-09-15 21:30:00,2012,3,9,September,2012-09,Saturday,True
2012-09-16 21:30:00,2012,3,9,September,2012-09,Sunday,True
2012-09-17 21:30:00,2012,3,9,September,2012-09,Monday,False
2012-09-18 21:30:00,2012,3,9,September,2012-09,Tuesday,False
2012-09-19 21:30:00,2012,3,9,September,2012-09,Wednesday,False
2012-09-20 21:30:00,2012,3,9,September,2012-09,Thursday,False
2012-09-21 21:30:00,2012,3,9,September,2012-09,Friday,False
2012-09-22 21:30:00,2012,3,9,September,2012-09,Saturday,True
2012-09-23 21:30:00,2012,3,9,September,2012-09,Sunday,True
2012-09-24 21:30:00,2012,3,9,September,2012-09,Monday,False
2012-09-25 21:30:00,2012,3,9,September,2012-09,Tuesday,False
2012-09-26 21:30:00,2012,3,9,September,2012-09,Wednesday,False
2012-09-27 21:30:00,2012,3,9,September,2012-09,Thursday,False
2012-09-28 21:30:00,2012,3,9,September,2012-09,Friday,False
2012-09-29 21:30:00,2012,3,9,September,2012-09,Saturday,True
2012-09-30 21:30:00,2012,3,9,September,2012-09,Sunday,True
2012-10-01 21:30:00,2012,4,10,October,2012-10,Monday,False
2012-10-02 21:30:00,2012,4,10,October,2012-10,Tuesday,False
2012-10-03 21:30:00,2012,4,10,October,2012-10,Wednesday,False
2012-10-04 21:30:00,2012,4,10,October,2012-10,Thursday,False
2012-10-05 21:30:00,2012,4,10,October,2012-10,Friday,False
2012-10-06 21:30:00,2012,4,10,October,2012-10,Saturday,True
2012-10-07 21:30:00,2012,4,10,October,2012-10,Sunday,True
2012-10-08 21:30:00,2012,4,10,October,2012-10,Monday,False
2012-10-09 21:30:00,2012,4,10,October,2012-10,Tuesday,False
2012-10-10 21:30:00,2012,4,10,October,2012-10,Wednesday,False
2012-10-11 21:30:00,2012,4,10,October,2012-10,Thursday,False
2012-10-12 21:30:00,2012,4,10,October,2012-10,Friday,False
2012-10-13 21:30:00,2012,4,10,October,2012-10,Saturday,True
2012-10-14 21:30:00,2012,4,10,October,2012-10,Sunday,True
2012-10-15 21:30:00,2012,4,10,October,2012-10,Monday,False
2012-10-16 21:30:00,2012,4,10,October,2012-10,Tuesday,False
2012-10-17 21:30:00,2012,4,10,October,2012-10,Wednesday,False
2012-10-18 21:30:00,2012,4,10,October,2012-10,Thursday,False
2012-10-19 21:30:00,2012,4,10,October,2012-10,Friday,False
2012-10-20 21:30:00,2012,4,10,October,2012-10,Saturday,True
2012-10-21 21:30:00,2012,4,10,October,2012-10,Sunday,True
2012-10-22 21:30:00,2012,4,10,October,2012-10,Monday,False
2012-10-23 21:30:00,2012,4,10,October,2012-10,Tuesday,False
2012-10-24 21:30:00,2012,4,10,October,2012-10,Wednesday,False
2012-10-25 21:30:00,2012,4,10,October,2012-10,Thursday,False
2012-10-26 21:30:00,2012,4,10,October,2012-10,Friday,False
2012-10-27 21:30:00,2012,4,10,October,2012-10,Saturday,True
2012-10-28 21:30:00,2012,4,10,October,2012-10,Sunday,True
2012-10-29 21:30:00,2012,4,10,October,2012-10,Monday,False
2012-10-30 21:30:00,2012,4,10,October,2012-10,Tuesday,False
2012-10-31 21:30:00,2012,4,10,October,2012-10,Wednesday,False
2012-11-01 21:30:00,2012,4,11,November,2012-11,Thursday,False
2012-11-02 21:30:00,2012,4,11,November,2012-11,Friday,False
2012-11-03 21:30:00,2012,4,11,November,2012-11,Saturday,True
2012-11-04 21:30:00,2012,4,11,November,2012-11,Sunday,True
2012-11-05 21:30:00,2012,4,11,November,2012-11,Monday,False
2012-11-06 21:30:00,2012,4,11,November,2012-11,Tuesday,False
2012-11-07 21:30:00,2012,4,11,November,2012-11,Wednesday,False
2012-11-08 21:30:00,2012,4,11,November,2012-11,Thursday,False
2012-11-09 21:30:00,2012,4,11,November,2012-11,Friday,False
2012-11-10 21:30:00,2012,4,11,November,2012-11,Saturday,True
2012-11-11 21:30:00,2012,4,11,November,2012-11,Sunday,True
2012-11-12 21:30:00,2012,4,11,November,2012-11,Monday,False
2012-11-13 21:30:00,2012,4,11,November,2012-11,Tuesday,False
2012-11-14 21:30:00,2012,4,11,November,2012-11,Wednesday,False
2012-11-15 21:30:00,2012,4,11,November,2012-11,Thursday,False
2012-11-16 21:30:00,2012,4,11,November,2012-11,Friday,False
2012-11-17 21:30:00,2012,4,11,November,2012-11,Saturday,True
2012-11-18 21:30:00,2012,4,11,November,2012-11,Sunday,True
2012-11-19 21:30:00,2012,4,11,November,2012-11,Monday,False
2012-11-20 21:30:00,2012,4,11,November,2012-11,Tuesday,False
2012-11-21 21:30:00,2012,4,11,November,2012-11,Wednesday,False
2012-11-22 21:30:00,2012,4,11,November,2012-11,Thursday,False
2012-11-23 21:30:00,2012,4,11,November,2012-11,Friday,False
2012-11-24 21:30:00,2012,4,11,November,2012-11,Saturday,True
2012-11-25 21:30:00,2012,4,11,November,2012-11,Sunday,True
2012-11-26 21:30:00,2012,4,11,November,2012-11,Monday,False
2012-11-27 21:30:00,2012,4,11,November,2012-11,Tuesday,False
2012-11-28 21:30:00,2012,4,11,November,2012-11,Wednesday,False
2012-11-29 21:30:00,2012,4,11,November,2012-11,Thursday,False
2012-11-30 21:30:00,2012,4,11,November,2012-11,Friday,False
2012-12-01 21:30:00,2012,4,12,December,2012-12,Saturday,True
2012-12-02 21:30:00,2012,4,12,December,2012-12,Sunday,True
2012-12-03 21:30:00,2012,4,12,December,2012-12,Monday,False
2012-12-04 21:30:00,2012,4,12,December,2012-12,Tuesday,False
2012-12-05 21:30:00,2012,4,12,December,2012-12,Wednesday,False
2012-12-06 21:30:00,2012,4,12,December,2012-12,Thursday,False
2012-12-07 21:30:00,2012,4,12,December,2012-12,Friday,False
2012-12-08 21:30:00,2012,4,12,December,2012-12,Saturday,True
2012-12-09 21:30:00,2012,4,12,December,2012-12,Sunday,True
2012-12-10 21:30:00,2012,4,12,December,2012-12,Monday,False
2012-12-11 21:30:00,2012,4,12,December,2012-12,Tuesday,False
2012-12-12 21:30:00,2012,4,12,December,2012-12,Wednesday,False
2012-12-13 21:30:00,2012,4,12,December,2012-12,Thursday,False
2012-12-14 21:30:00,2012,4,12,December,2012-12,Friday,False
2012-12-15 21:30:00,2012,4,12,December,2012-12,Saturday,True
2012-12-16 21:30:00,2012,4,12,December,2012-12,Sunday,True
2012-12-17 21:30:00,2012,4,12,December,2012-12,Monday,False
2012-12-18 21:30:00,2012,4,12,December,2012-12,Tuesday,False
2012-12-19 21:30:00,2012,4,12,December,2012-12,Wednesday,False
2012-12-20 21:30:00,2012,4,12,December,2012-12,Thursday,False
2012-12-21 21:30:00,2012,4,12,December,2012-12,Friday,False
2012-12-22 21:30:00,2012,4,12,December,2012-12,Saturday,True
2012-12-23 21:30:00,2012,4,12,December,2012-12,Sunday,True
2012-12-24 21:30:00,2012,4,12,December,2012-12,Monday,False
2012-12-25 21:30:00,2012,4,12,December,2012-12,Tuesday,False
2012-12-26 21:30:00,2012,4,12,December,2012-12,Wednesday,False
2012-12-27 21:30:00,2012,4,12,December,2012-12,Thursday,False
2012-12-28 21:30:00,2012,4,12,December,2012-12,Friday,False
2012-12-29 21:30:00,2012,4,12,December,2012-12,Saturday,True
2012-12-30 21:30:00,2012,4,12,December,2012-12,Sunday,True
2012-12-31 21:30:00,2012,4,12,December,2012-12,Monday,False
2013-01-01 21:30:00,2013,1,1,January,2013-01,Tuesday,False
2013-01-02 21:30:00,2013,1,1,January,2013-01,Wednesday,False
2013-01-03 21:30:00,2013,1,1,January,2013-01,Thursday,False
2013-01-04 21:30:00,2013,1,1,January,2013-01,Friday,False
2013-01-05 21:30:00,2013,1,1,January,2013-01,Saturday,True
2013-01-06 21:30:00,2013,1,1,January,2013-01,Sunday,True
2013-01-07 21:30:00,2013,1,1,January,2013-01,Monday,False
2013-01-08 21:30:00,2013,1,1,January,2013-01,Tuesday,False
2013-01-09 21:30:00,2013,1,1,January,2013-01,Wednesday,False
2013-01-10 21:30:00,2013,1,1,January,2013-01,Thursday,False
2013-01-11 21:30:00,2013,1,1,January,2013-01,Friday,False
2013-01-12 21:30:00,2013,1,1,January,2013-01,Saturday,True
2013-01-13 21:30:00,2013,1,1,January,2013-01,Sunday,True
2013-01-14 21:30:00,2013,1,1,January,2013-01,Monday,False
2013-01-15 21:30:00,2013,1,1,January,2013-01,Tuesday,False
2013-01-16 21:30:00,2013,1,1,January,2013-01,Wednesday,False
2013-01-17 21:30:00,2013,1,1,January,2013-01,Thursday,False
2013-01-18 21:30:00,2013,1,1,January,2013-01,Friday,False
2013-01-19 21:30:00,2013,1,1,January,2013-01,Saturday,True
2013-01-20 21:30:00,2013,1,1,January,2013-01,Sunday,True
2013-01-21 21:30:00,2013,1,1,January,2013-01,Monday,False
2013-01-22 21:30:00,2013,1,1,January,2013-01,Tuesday,False
2013-01-23 21:30:00,2013,1,1,January,2013-01,Wednesday,False
2013-01-24 21:30:00,2013,1,1,January,2013-01,Thursday,False
2013-01-25 21:30:00,2013,1,1,January,2013-01,Friday,False
2013-01-26 21:30:00,2013,1,1,January,2013-01,Saturday,True
2013-01-27 21:30:00,2013,1,1,January,2013-01,Sunday,True
2013-01-28 21:30:00,2013,1,1,January,2013-01,Monday,False
2013-01-29 21:30:00,2013,1,1,January,2013-01,Tuesday,False
2013-01-30 21:30:00,2013,1,1,January,2013-01,Wednesday,False
2013-01-31 21:30:00,2013,1,1,January,2013-01,Thursday,False
2013-02-01 21:30:00,2013,1,2,February,2013-02,Friday,False
2013-02-02 21:30:00,2013,1,2,February,2013-02,Saturday,True
2013-02-03 21:30:00,2013,1,2,February,2013-02,Sunday,True
2013-02-04 21:30:00,2013,1,2,February,2013-02,Monday,False
2013-02-05 21:30:00,2013,1,2,February,2013-02,Tuesday,False
2013-02-06 21:30:00,2013,1,2,February,2013-02,Wednesday,False
2013-02-07 21:30:00,2013,1,2,February,2013-02,Thursday,False
2013-02-08 21:30:00,2013,1,2,February,2013-02,Friday,False
2013-02-09 21:30:00,2013,1,2,February,2013-02,Saturday,True
2013-02-10 21:30:00,2013,1,2,February,2013-02,Sunday,True
2013-02-11 21:30:00,2013,1,2,February,2013-02,Monday,False
2013-02-12 21:30:00,2013,1,2,February,2013-02,Tuesday,False
2013-02-13 21:30:00,2013,1,2,February,2013-02,Wednesday,False
2013-02-14 21:30:00,2013,1,2,February,2013-02,Thursday,False
2013-02-15 21:30:00,2013,1,2,February,2013-02,Friday,False
2013-02-16 21:30:00,2013,1,2,February,2013-02,Saturday,True
2013-02-17 21:30:00,2013,1,2,February,2013-02,Sunday,True
2013-02-18 21:30:00,2013,1,2,February,2013-02,Monday,False
2013-02-19 21:30:00,2013,1,2,February,2013-02,Tuesday,False
2013-02-20 21:30:00,2013,1,2,February,2013-02,Wednesday,False
2013-02-21 21:30:00,2013,1,2,February,2013-02,Thursday,False
2013-02-22 21:30:00,2013,1,2,February,2013-02,Friday,False
2013-02-23 21:30:00,2013,1,2,February,2013-02,Saturday,True
2013-02-24 21:30:00,2013,1,2,February,2013-02,Sunday,True
2013-02-25 21:30:00,2013,1,2,February,2013-02,Monday,False
2013-02-26 21:30:00,2013,1,2,February,2013-02,Tuesday,False
2013-02-27 21:30:00,2013,1,2,February,2013-02,Wednesday,False
2013-02-28 21:30:00,2013,1,2,February,2013-02,Thursday,False
2013-03-01 21:30:00,2013,1,3,March,2013-03,Friday,False
2013-03-02 21:30:00,2013,1,3,March,2013-03,Saturday,True
2013-03-03 21:30:00,2013,1,3,March,2013-03,Sunday,True
2013-03-04 21:30:00,2013,1,3,March,2013-03,Monday,False
2013-03-05 21:30:00,2013,1,3,March,2013-03,Tuesday,False
2013-03-06 21:30:00,2013,1,3,March,2013-03,Wednesday,False
2013-03-07 21:30:00,2013,1,3,March,2013-03,Thursday,False
2013-03-08 21:30:00,2013,1,3,March,2013-03,Friday,False
2013-03-09 21:30:00,2013,1,3,March,2013-03,Saturday,True
2013-03-10 21:30:00,2013,1,3,March,2013-03,Sunday,True
2013-03-11 21:30:00,2013,1,3,March,2013-03,Monday,False
2013-03-12 21:30:00,2013,1,3,March,2013-03,Tuesday,False
2013-03-13 21:30:00,2013,1,3,March,2013-03,Wednesday,False
2013-03-14 21:30:00,2013,1,3,March,2013-03,Thursday,False
2013-03-15 21:30:00,2013,1,3,March,2013-03,Friday,False
2013-03-16 21:30:00,2013,1,3,March,2013-03,Saturday,True
2013-03-17 21:30:00,2013,1,3,March,2013-03,Sunday,True
2013-03-18 21:30:00,2013,1,3,March,2013-03,Monday,False
2013-03-19 21:30:00,2013,1,3,March,2013-03,Tuesday,False
2013-03-20 21:30:00,2013,1,3,March,2013-03,Wednesday,False
2013-03-21 21:30:00,2013,1,3,March,2013-03,Thursday,False
2013-03-22 21:30:00,2013,1,3,March,2013-03,Friday,False
2013-03-23 21:30:00,2013,1,3,March,2013-03,Saturday,True
2013-03-24 21:30:00,2013,1,3,March,2013-03,Sunday,True
2013-03-25 21:30:00,2013,1,3,March,2013-03,Monday,False
2013-03-26 21:30:00,2013,1,3,March,2013-03,Tuesday,False
2013-03-27 21:30:00,2013,1,3,March,2013-03,Wednesday,False
2013-03-28 21:30:00,2013,1,3,March,2013-03,Thursday,False
2013-03-29 21:30:00,2013,1,3,March,2013-03,Friday,False
2013-03-30 21:30:00,2013,1,3,March,2013-03,Saturday,True
2013-03-31 21:30:00,2013,1,3,March,2013-03,Sunday,True
2013-04-01 21:30:00,2013,2,4,April,2013-04,Monday,False
2013-04-02 21:30:00,2013,2,4,April,2013-04,Tuesday,False
2013-04-03 21:30:00,2013,2,4,April,2013-04,Wednesday,False
2013-04-04 21:30:00,2013,2,4,April,2013-04,Thursday,False
2013-04-05 21:30:00,2013,2,4,April,2013-04,Friday,False
2013-04-06 21:30:00,2013,2,4,April,2013-04,Saturday,True
2013-04-07 21:30:00,2013,2,4,April,2013-04,Sunday,True
2013-04-08 21:30:00,2013,2,4,April,2013-04,Monday,False
2013-04-09 21:30:00,2013,2,4,April,2013-04,Tuesday,False
2013-04-10 21:30:00,2013,2,4,April,2013-04,Wednesday,False
2013-04-11 21:30:00,2013,2,4,April,2013-04,Thursday,False
2013-04-12 21:30:00,2013,2,4,April,2013-04,Friday,False
2013-04-13 21:30:00,2013,2,4,April,2013-04,Saturday,True
2013-04-14 21:30:00,2013,2,4,April,2013-04,Sunday,True
2013-04-15 21:30:00,2013,2,4,April,2013-04,Monday,False
2013-04-16 21:30:00,2013,2,4,April,2013-04,Tuesday,False
2013-04-17 21:30:00,2013,2,4,April,2013-04,Wednesday,False
2013-04-18 21:30:00,2013,2,4,April,2013-04,Thursday,False
2013-04-19 21:30:00,2013,2,4,April,2013-04,Friday,False
2013-04-20 21:30:00,2013,2,4,April,2013-04,Saturday,True
2013-04-21 21:30:00,2013,2,4,April,2013-04,Sunday,True
2013-04-22 21:30:00,2013,2,4,April,2013-04,Monday,False
2013-04-23 21:30:00,2013,2,4,April,2013-04,Tuesday,False
2013-04-24 21:30:00,2013,2,4,April,2013-04,Wednesday,False
2013-04-25 21:30:00,2013,2,4,April,2013-04,Thursday,False
2013-04-26 21:30:00,2013,2,4,April,2013-04,Friday,False
2013-04-27 21:30:00,2013,2,4,April,2013-04,Saturday,True
2013-04-28 21:30:00,2013,2,4,April,2013-04,Sunday,True
2013-04-29 21:30:00,2013,2,4,April,2013-04,Monday,False
2013-04-30 21:30:00,2013,2,4,April,2013-04,Tuesday,False
2013-05-01 21:30:00,2013,2,5,May,2013-05,Wednesday,False
2013-05-02 21:30:00,2013,2,5,May,2013-05,Thursday,False
2013-05-03 21:30:00,2013,2,5,May,2013-05,Friday,False
2013-05-04 21:30:00,2013,2,5,May,2013-05,Saturday,True
2013-05-05 21:30:00,2013,2,5,May,2013-05,Sunday,True
2013-05-06 21:30:00,2013,2,5,May,2013-05,Monday,False
2013-05-07 21:30:00,2013,2,5,May,2013-05,Tuesday,False
2013-05-08 21:30:00,2013,2,5,May,2013-05,Wednesday,False
2013-05-09 21:30:00,2013,2,5,May,2013-05,Thursday,False
2013-05-10 21:30:00,2013,2,5,May,2013-05,Friday,False
2013-05-11 21:30:00,2013,2,5,May,2013-05,Saturday,True
2013-05-12 21:30:00,2013,2,5,May,2013-05,Sunday,True
2013-05-13 21:30:00,2013,2,5,May,2013-05,Monday,False
2013-05-14 21:30:00,2013,2,5,May,2013-05,Tuesday,False
2013-05-15 21:30:00,2013,2,5,May,2013-05,Wednesday,False
2013-05-16 21:30:00,2013,2,5,May,2013-05,Thursday,False
2013-05-17 21:30:00,2013,2,5,May,2013-05,Friday,False
2013-05-18 21:30:00,2013,2,5,May,2013-05,Saturday,True
2013-05-19 21:30:00,2013,2,5,May,2013-05,Sunday,True
2013-05-20 21:30:00,2013,2,5,May,2013-05,Monday,False
2013-05-21 21:30:00,2013,2,5,May,2013-05,Tuesday,False
2013-05-22 21:30:00,2013,2,5,May,2013-05,Wednesday,False
2013-05-23 21:30:00,2013,2,5,May,2013-05,Thursday,False
2013-05-24 21:30:00,2013,2,5,May,2013-05,Friday,False
2013-05-25 21:30:00,2013,2,5,May,2013-05,Saturday,True
2013-05-26 21:30:00,2013,2,5,May,2013-05,Sunday,True
2013-05-27 21:30:00,2013,2,5,May,2013-05,Monday,False
2013-05-28 21:30:00,2013,2,5,May,2013-05,Tuesday,False
2013-05-29 21:30:00,2013,2,5,May,2013-05,Wednesday,False
2013-05-30 21:30:00,2013,2,5,May,2013-05,Thursday,False
2013-05-31 21:30:00,2013,2,5,May,2013-05,Friday,False
2013-06-01 21:30:00,2013,2,6,June,2013-06,Saturday,True
2013-06-02 21:30:00,2013,2,6,June,2013-06,Sunday,True
2013-06-03 21:30:00,2013,2,6,June,2013-06,Monday,False
2013-06-04 21:30:00,2013,2,6,June,2013-06,Tuesday,False
2013-06-05 21:30:00,2013,2,6,June,2013-06,Wednesday,False
2013-06-06 21:30:00,2013,2,6,June,2013-06,Thursday,False
2013-06-07 21:30:00,2013,2,6,June,2013-06,Friday,False
2013-06-08 21:30:00,2013,2,6,June,2013-06,Saturday,True
2013-06-09 21:30:00,2013,2,6,June,2013-06,Sunday,True
2013-06-10 21:30:00,2013,2,6,June,2013-06,Monday,False
2013-06-11 21:30:00,2013,2,6,June,2013-06,Tuesday,False
2013-06-12 21:30:00,2013,2,6,June,2013-06,Wednesday,False
2013-06-13 21:30:00,2013,2,6,June,2013-06,Thursday,False
2013-06-14 21:30:00,2013,2,6,June,2013-06,Friday,False
2013-06-15 21:30:00,2013,2,6,June,2013-06,Saturday,True
2013-06-16 21:30:00,2013,2,6,June,2013-06,Sunday,True
2013-06-17 21:30:00,2013,2,6,June,2013-06,Monday,False
2013-06-18 21:30:00,2013,2,6,June,2013-06,Tuesday,False
2013-06-19 21:30:00,2013,2,6,June,2013-06,Wednesday,False
2013-06-20 21:30:00,2013,2,6,June,2013-06,Thursday,False
2013-06-21 21:30:00,2013,2,6,June,2013-06,Friday,False
2013-06-22 21:30:00,2013,2,6,June,2013-06,Saturday,True
2013-06-23 21:30:00,2013,2,6,June,2013-06,Sunday,True
2013-06-24 21:30:00,2013,2,6,June,2013-06,Monday,False
2013-06-25 21:30:00,2013,2,6,June,2013-06,Tuesday,False
2013-06-26 21:30:00,2013,2,6,June,2013-06,Wednesday,False
2013-06-27 21:30:00,2013,2,6,June,2013-06,Thursday,False
2013-06-28 21:30:00,2013,2,6,June,2013-06,Friday,False
2013-06-29 21:30:00,2013,2,6,June,2013-06,Saturday,True
2013-06-30 21:30:00,2013,2,6,June,2013-06,Sunday,True
2013-07-01 21:30:00,2013,3,7,July,2013-07,Monday,False
2013-07-02 21:30:00,2013,3,7,July,2013-07,Tuesday,False
2013-07-03 21:30:00,2013,3,7,July,2013-07,Wednesday,False
2013-07-04 21:30:00,2013,3,7,July,2013-07,Thursday,False
2013-07-05 21:30:00,2013,3,7,July,2013-07,Friday,False
2013-07-06 21:30:00,2013,3,7,July,2013-07,Saturday,True
2013-07-07 21:30:00,2013,3,7,July,2013-07,Sunday,True
2013-07-08 21:30:00,2013,3,7,July,2013-07,Monday,False
2013-07-09 21:30:00,2013,3,7,July,2013-07,Tuesday,False
2013-07-10 21:30:00,2013,3,7,July,2013-07,Wednesday,False
2013-07-11 21:30:00,2013,3,7,July,2013-07,Thursday,False
2013-07-12 21:30:00,2013,3,7,July,2013-07,Friday,False
2013-07-13 21:30:00,2013,3,7,July,2013-07,Saturday,True
2013-07-14 21:30:00,2013,3,7,July,2013-07,Sunday,True
2013-07-15 21:30:00,2013,3,7,July,2013-07,Monday,False
2013-07-16 21:30:00,2013,3,7,July,2013-07,Tuesday,False
2013-07-17 21:30:00,2013,3,7,July,2013-07,Wednesday,False
2013-07-18 21:30:00,2013,3,7,July,2013-07,Thursday,False
2013-07-19 21:30:00,2013,3,7,July,2013-07,Friday,False
2013-07-20 21:30:00,2013,3,7,July,2013-07,Saturday,True
2013-07-21 21:30:00,2013,3,7,July,2013-07,Sunday,True
2013-07-22 21:30:00,2013,3,7,July,2013-07,Monday,False
2013-07-23 21:30:00,2013,3,7,July,2013-07,Tuesday,False
2013-07-24 21:30:00,2013,3,7,July,2013-07,Wednesday,False
2013-07-25 21:30:00,2013,3,7,July,2013-07,Thursday,False
2013-07-26 21:30:00,2013,3,7,July,2013-07,Friday,False
2013-07-27 21:30:00,2013,3,7,July,2013-07,Saturday,True
2013-07-28 21:30:00,2013,3,7,July,2013-07,Sunday,True
2013-07-29 21:30:00,2013,3,7,July,2013-07,Monday,False
2013-07-30 21:30:00,2013,3,7,July,2013-07,Tuesday,False
2013-07-31 21:30:00,2013,3,7,July,2013-07,Wednesday,False
2013-08-01 21:30:00,2013,3,8,August,2013-08,Thursday,False
2013-08-02 21:30:00,2013,3,8,August,2013-08,Friday,False
2013-08-03 21:30:00,2013,3,8,August,2013-08,Saturday,True
2013-08-04 21:30:00,2013,3,8,August,2013-08,Sunday,True
2013-08-05 21:30:00,2013,3,8,August,2013-08,Monday,False
2013-08-06 21:30:00,2013,3,8,August,2013-08,Tuesday,False
2013-08-07 21:30:00,2013,3,8,August,2013-08,Wednesday,False
2013-08-08 21:30:00,2013,3,8,August,2013-08,Thursday,False
2013-08-09 21:30:00,2013,3,8,August,2013-08,Friday,False
2013-08-10 21:30:00,2013,3,8,August,2013-08,Saturday,True
2013-08-11 21:30:00,2013,3,8,August,2013-08,Sunday,True
2013-08-12 21:30:00,2013,3,8,August,2013-08,Monday,False
2013-08-13 21:30:00,2013,3,8,August,2013-08,Tuesday,False
2013-08-14 21:30:00,2013,3,8,August,2013-08,Wednesday,False
2013-08-15 21:30:00,2013,3,8,August,2013-08,Thursday,False
2013-08-16 21:30:00,2013,3,8,August,2013-08,Friday,False
2013-08-17 21:30:00,2013,3,8,August,2013-08,Saturday,True
2013-08-18 21:30:00,2013,3,8,August,2013-08,Sunday,True
2013-08-19 21:30:00,2013,3,8,August,2013-08,Monday,False
2013-08-20 21:30:00,2013,3,8,August,2013-08,Tuesday,False
2013-08-21 21:30:00,2013,3,8,August,2013-08,Wednesday,False
2013-08-22 21:30:00,2013,3,8,August,2013-08,Thursday,False
2013-08-23 21:30:00,2013,3,8,August,2013-08,Friday,False
2013-08-24 21:30:00,2013,3,8,August,2013-08,Saturday,True
2013-08-25 21:30:00,2013,3,8,August,2013-08,Sunday,True
2013-08-26 21:30:00,2013,3,8,August,2013-08,Monday,False
2013-08-27 21:30:00,2013,3,8,August,2013-08,Tuesday,False
2013-08-28 21:30:00,2013,3,8,August,2013-08,Wednesday,False
2013-08-29 21:30:00,2013,3,8,August,2013-08,Thursday,False
2013-08-30 21:30:00,2013,3,8,August,2013-08,Friday,False
2013-08-31 21:30:00,2013,3,8,August,2013-08,Saturday,True
2013-09-01 21:30:00,2013,3,9,September,2013-09,Sunday,True
2013-09-02 21:30:00,2013,3,9,September,2013-09,Monday,False
2013-09-03 21:30:00,2013,3,9,September,2013-09,Tuesday,False
2013-09-04 21:30:00,2013,3,9,September,2013-09,Wednesday,False
2013-09-05 21:30:00,2013,3,9,September,2013-09,Thursday,False
2013-09-06 21:30:00,2013,3,9,September,2013-09,Friday,False
2013-09-07 21:30:00,2013,3,9,September,2013-09,Saturday,True
2013-09-08 21:30:00,2013,3,9,September,2013-09,Sunday,True
2013-09-09 21:30:00,2013,3,9,September,2013-09,Monday,False
2013-09-10 21:30:00,2013,3,9,September,2013-09,Tuesday,False
2013-09-11 21:30:00,2013,3,9,September,2013-09,Wednesday,False
2013-09-12 21:30:00,2013,3,9,September,2013-09,Thursday,False
2013-09-13 21:30:00,2013,3,9,September,2013-09,Friday,False
2013-09-14 21:30:00,2013,3,9,September,2013-09,Saturday,True
2013-09-15 21:30:00,2013,3,9,September,2013-09,Sunday,True
2013-09-16 21:30:00,2013,3,9,September,2013-09,Monday,False
2013-09-17 21:30:00,2013,3,9,September,2013-09,Tuesday,False
2013-09-18 21:30:00,2013,3,9,September,2013-09,Wednesday,False
2013-09-19 21:30:00,2013,3,9,September,2013-09,Thursday,False
2013-09-20 21:30:00,2013,3,9,September,2013-09,Friday,False
2013-09-21 21:30:00,2013,3,9,September,2013-09,Saturday,True
2013-09-22 21:30:00,2013,3,9,September,2013-09,Sunday,True
2013-09-23 21:30:00,2013,3,9,September,2013-09,Monday,False
2013-09-24 21:30:00,2013,3,9,September,2013-09,Tuesday,False
2013-09-25 21:30:00,2013,3,9,September,2013-09,Wednesday,False
2013-09-26 21:30:00,2013,3,9,September,2013-09,Thursday,False
2013-09-27 21:30:00,2013,3,9,September,2013-09,Friday,False
2013-09-28 21:30:00,2013,3,9,September,2013-09,Saturday,True
2013-09-29 21:30:00,2013,3,9,September,2013-09,Sunday,True
2013-09-30 21:30:00,2013,3,9,September,2013-09,Monday,False
2013-10-01 21:30:00,2013,4,10,October,2013-10,Tuesday,False
2013-10-02 21:30:00,2013,4,10,October,2013-10,Wednesday,False
2013-10-03 21:30:00,2013,4,10,October,2013-10,Thursday,False
2013-10-04 21:30:00,2013,4,10,October,2013-10,Friday,False
2013-10-05 21:30:00,2013,4,10,October,2013-10,Saturday,True
2013-10-06 21:30:00,2013,4,10,October,2013-10,Sunday,True
2013-10-07 21:30:00,2013,4,10,October,2013-10,Monday,False
2013-10-08 21:30:00,2013,4,10,October,2013-10,Tuesday,False
2013-10-09 21:30:00,2013,4,10,October,2013-10,Wednesday,False
2013-10-10 21:30:00,2013,4,10,October,2013-10,Thursday,False
2013-10-11 21:30:00,2013,4,10,October,2013-10,Friday,False
2013-10-12 21:30:00,2013,4,10,October,2013-10,Saturday,True
2013-10-13 21:30:00,2013,4,10,October,2013-10,Sunday,True
2013-10-14 21:30:00,2013,4,10,October,2013-10,Monday,False
2013-10-15 21:30:00,2013,4,10,October,2013-10,Tuesday,False
2013-10-16 21:30:00,2013,4,10,October,2013-10,Wednesday,False
2013-10-17 21:30:00,2013,4,10,October,2013-10,Thursday,False
2013-10-18 21:30:00,2013,4,10,October,2013-10,Friday,False
2013-10-19 21:30:00,2013,4,10,October,2013-10,Saturday,True
2013-10-20 21:30:00,2013,4,10,October,2013-10,Sunday,True
2013-10-21 21:30:00,2013,4,10,October,2013-10,Monday,False
2013-10-22 21:30:00,2013,4,10,October,2013-10,Tuesday,False
2013-10-23 21:30:00,2013,4,10,October,2013-10,Wednesday,False
2013-10-24 21:30:00,2013,4,10,October,2013-10,Thursday,False
2013-10-25 21:30:00,2013,4,10,October,2013-10,Friday,False
2013-10-26 21:30:00,2013,4,10,October,2013-10,Saturday,True
2013-10-27 21:30:00,2013,4,10,October,2013-10,Sunday,True
2013-10-28 21:30:00,2013,4,10,October,2013-10,Monday,False
2013-10-29 21:30:00,2013,4,10,October,2013-10,Tuesday,False
2013-10-30 21:30:00,2013,4,10,October,2013-10,Wednesday,False
2013-10-31 21:30:00,2013,4,10,October,2013-10,Thursday,False
2013-11-01 21:30:00,2013,4,11,November,2013-11,Friday,False
2013-11-02 21:30:00,2013,4,11,November,2013-11,Saturday,True
2013-11-03 21:30:00,2013,4,11,November,2013-11,Sunday,True
2013-11-04 21:30:00,2013,4,11,November,2013-11,Monday,False
2013-11-05 21:30:00,2013,4,11,November,2013-11,Tuesday,False
2013-11-06 21:30:00,2013,4,11,November,2013-11,Wednesday,False
2013-11-07 21:30:00,2013,4,11,November,2013-11,Thursday,False
2013-11-08 21:30:00,2013,4,11,November,2013-11,Friday,False
2013-11-09 21:30:00,2013,4,11,November,2013-11,Saturday,True
2013-11-10 21:30:00,2013,4,11,November,2013-11,Sunday,True
2013-11-11 21:30:00,2013,4,11,November,2013-11,Monday,False
2013-11-12 21:30:00,2013,4,11,November,2013-11,Tuesday,False
2013-11-13 21:30:00,2013,4,11,November,2013-11,Wednesday,False
2013-11-14 21:30:00,2013,4,11,November,2013-11,Thursday,False
2013-11-15 21:30:00,2013,4,11,November,2013-11,Friday,False
2013-11-16 21:30:00,2013,4,11,November,2013-11,Saturday,True
2013-11-17 21:30:00,2013,4,11,November,2013-11,Sunday,True
2013-11-18 21:30:00,2013,4,11,November,2013-11,Monday,False
2013-11-19 21:30:00,2013,4,11,November,2013-11,Tuesday,False
2013-11-20 21:30:00,2013,4,11,November,2013-11,Wednesday,False
2013-11-21 21:30:00,2013,4,11,November,2013-11,Thursday,False
2013-11-22 21:30:00,2013,4,11,November,2013-11,Friday,False
2013-11-23 21:30:00,2013,4,11,November,2013-11,Saturday,True
2013-11-24 21:30:00,2013,4,11,November,2013-11,Sunday,True
2013-11-25 21:30:00,2013,4,11,November,2013-11,Monday,False
2013-11-26 21:30:00,2013,4,11,November,2013-11,Tuesday,False
2013-11-27 21:30:00,2013,4,11,November,2013-11,Wednesday,False
2013-11-28 21:30:00,2013,4,11,November,2013-11,Thursday,False
2013-11-29 21:30:00,2013,4,11,November,2013-11,Friday,False
2013-11-30 21:30:00,2013,4,11,November,2013-11,Saturday,True
2013-12-01 21:30:00,2013,4,12,December,2013-12,Sunday,True
2013-12-02 21:30:00,2013,4,12,December,2013-12,Monday,False
2013-12-03 21:30:00,2013,4,12,December,2013-12,Tuesday,False
2013-12-04 21:30:00,2013,4,12,December,2013-12,Wednesday,False
2013-12-05 21:30:00,2013,4,12,December,2013-12,Thursday,False
2013-12-06 21:30:00,2013,4,12,December,2013-12,Friday,False
2013-12-07 21:30:00,2013,4,12,December,2013-12,Saturday,True
2013-12-08 21:30:00,2013,4,12,December,2013-12,Sunday,True
2013-12-09 21:30:00,2013,4,12,December,2013-12,Monday,False
2013-12-10 21:30:00,2013,4,12,December,2013-12,Tuesday,False
2013-12-11 21:30:00,2013,4,12,December,2013-12,Wednesday,False
2013-12-12 21:30:00,2013,4,12,December,2013-12,Thursday,False
2013-12-13 21:30:00,2013,4,12,December,2013-12,Friday,False
2013-12-14 21:30:00,2013,4,12,December,2013-12,Saturday,True
2013-12-15 21:30:00,2013,4,12,December,2013-12,Sunday,True
2013-12-16 21:30:00,2013,4,12,December,2013-12,Monday,False
2013-12-17 21:30:00,2013,4,12,December,2013-12,Tuesday,False
2013-12-18 21:30:00,2013,4,12,December,2013-12,Wednesday,False
2013-12-19 21:30:00,2013,4,12,December,2013-12,Thursday,False
2013-12-20 21:30:00,2013,4,12,December,2013-12,Friday,False
2013-12-21 21:30:00,2013,4,12,December,2013-12,Saturday,True
2013-12-22 21:30:00,2013,4,12,December,2013-12,Sunday,True
2013-12-23 21:30:00,2013,4,12,December,2013-12,Monday,False
2013-12-24 21:30:00,2013,4,12,December,2013-12,Tuesday,False
2013-12-25 21:30:00,2013,4,12,December,2013-12,Wednesday,False
2013-12-26 21:30:00,2013,4,12,December,2013-12,Thursday,False
2013-12-27 21:30:00,2013,4,12,December,2013-12,Friday,False
2013-12-28 21:30:00,2013,4,12,December,2013-12,Saturday,True
2013-12-29 21:30:00,2013,4,12,December,2013-12,Sunday,True
2013-12-30 21:30:00,2013,4,12,December,2013-12,Monday,False
2013-12-31 21:30:00,2013,4,12,December,2013-12,Tuesday,False
2014-01-01 21:30:00,2014,1,1,January,2014-01,Wednesday,False
2014-01-02 21:30:00,2014,1,1,January,2014-01,Thursday,False
2014-01-03 21:30:00,2014,1,1,January,2014-01,Friday,False
2014-01-04 21:30:00,2014,1,1,January,2014-01,Saturday,True
2014-01-05 21:30:00,2014,1,1,January,2014-01,Sunday,True
2014-01-06 21:30:00,2014,1,1,January,2014-01,Monday,False
2014-01-07 21:30:00,2014,1,1,January,2014-01,Tuesday,False
2014-01-08 21:30:00,2014,1,1,January,2014-01,Wednesday,False
2014-01-09 21:30:00,2014,1,1,January,2014-01,Thursday,False
2014-01-10 21:30:00,2014,1,1,January,2014-01,Friday,False
2014-01-11 21:30:00,2014,1,1,January,2014-01,Saturday,True
2014-01-12 21:30:00,2014,1,1,January,2014-01,Sunday,True
2014-01-13 21:30:00,2014,1,1,January,2014-01,Monday,False
2014-01-14 21:30:00,2014,1,1,January,2014-01,Tuesday,False
2014-01-15 21:30:00,2014,1,1,January,2014-01,Wednesday,False
2014-01-16 21:30:00,2014,1,1,January,2014-01,Thursday,False
2014-01-17 21:30:00,2014,1,1,January,2014-01,Friday,False
2014-01-18 21:30:00,2014,1,1,January,2014-01,Saturday,True
2014-01-19 21:30:00,2014,1,1,January,2014-01,Sunday,True
2014-01-20 21:30:00,2014,1,1,January,2014-01,Monday,False
2014-01-21 21:30:00,2014,1,1,January,2014-01,Tuesday,False
2014-01-22 21:30:00,2014,1,1,January,2014-01,Wednesday,False
2014-01-23 21:30:00,2014,1,1,January,2014-01,Thursday,False
2014-01-24 21:30:00,2014,1,1,January,2014-01,Friday,False
2014-01-25 21:30:00,2014,1,1,January,2014-01,Saturday,True
2014-01-26 21:30:00,2014,1,1,January,2014-01,Sunday,True
2014-01-27 21:30:00,2014,1,1,January,2014-01,Monday,False
2014-01-28 21:30:00,2014,1,1,January,2014-01,Tuesday,False
2014-01-29 21:30:00,2014,1,1,January,2014-01,Wednesday,False
2014-01-30 21:30:00,2014,1,1,January,2014-01,Thursday,False
2014-01-31 21:30:00,2014,1,1,January,2014-01,Friday,False
2014-02-01 21:30:00,2014,1,2,February,2014-02,Saturday,True
2014-02-02 21:30:00,2014,1,2,February,2014-02,Sunday,True
2014-02-03 21:30:00,2014,1,2,February,2014-02,Monday,False
2014-02-04 21:30:00,2014,1,2,February,2014-02,Tuesday,False
2014-02-05 21:30:00,2014,1,2,February,2014-02,Wednesday,False
2014-02-06 21:30:00,2014,1,2,February,2014-02,Thursday,False
2014-02-07 21:30:00,2014,1,2,February,2014-02,Friday,False
2014-02-08 21:30:00,2014,1,2,February,2014-02,Saturday,True
2014-02-09 21:30:00,2014,1,2,February,2014-02,Sunday,True
2014-02-10 21:30:00,2014,1,2,February,2014-02,Monday,False
2014-02-11 21:30:00,2014,1,2,February,2014-02,Tuesday,False
2014-02-12 21:30:00,2014,1,2,February,2014-02,Wednesday,False
2014-02-13 21:30:00,2014,1,2,February,2014-02,Thursday,False
2014-02-14 21:30:00,2014,1,2,February,2014-02,Friday,False
2014-02-15 21:30:00,2014,1,2,February,2014-02,Saturday,True
2014-02-16 21:30:00,2014,1,2,February,2014-02,Sunday,True
2014-02-17 21:30:00,2014,1,2,February,2014-02,Monday,False
2014-02-18 21:30:00,2014,1,2,February,2014-02,Tuesday,False
2014-02-19 21:30:00,2014,1,2,February,2014-02,Wednesday,False
2014-02-20 21:30:00,2014,1,2,February,2014-02,Thursday,False
2014-02-21 21:30:00,2014,1,2,February,2014-02,Friday,False
2014-02-22 21:30:00,2014,1,2,February,2014-02,Saturday,True
2014-02-23 21:30:00,2014,1,2,February,2014-02,Sunday,True
2014-02-24 21:30:00,2014,1,2,February,2014-02,Monday,False
2014-02-25 21:30:00,2014,1,2,February,2014-02,Tuesday,False
2014-02-26 21:30:00,2014,1,2,February,2014-02,Wednesday,False
2014-02-27 21:30:00,2014,1,2,February,2014-02,Thursday,False
2014-02-28 21:30:00,2014,1,2,February,2014-02,Friday,False
2014-03-01 21:30:00,2014,1,3,March,2014-03,Saturday,True
2014-03-02 21:30:00,2014,1,3,March,2014-03,Sunday,True
2014-03-03 21:30:00,2014,1,3,March,2014-03,Monday,False
2014-03-04 21:30:00,2014,1,3,March,2014-03,Tuesday,False
2014-03-05 21:30:00,2014,1,3,March,2014-03,Wednesday,False
2014-03-06 21:30:00,2014,1,3,March,2014-03,Thursday,False
2014-03-07 21:30:00,2014,1,3,March,2014-03,Friday,False
2014-03-08 21:30:00,2014,1,3,March,2014-03,Saturday,True
2014-03-09 21:30:00,2014,1,3,March,2014-03,Sunday,True
2014-03-10 21:30:00,2014,1,3,March,2014-03,Monday,False
2014-03-11 21:30:00,2014,1,3,March,2014-03,Tuesday,False
2014-03-12 21:30:00,2014,1,3,March,2014-03,Wednesday,False
2014-03-13 21:30:00,2014,1,3,March,2014-03,Thursday,False
2014-03-14 21:30:00,2014,1,3,March,2014-03,Friday,False
2014-03-15 21:30:00,2014,1,3,March,2014-03,Saturday,True
2014-03-16 21:30:00,2014,1,3,March,2014-03,Sunday,True
2014-03-17 21:30:00,2014,1,3,March,2014-03,Monday,False
2014-03-18 21:30:00,2014,1,3,March,2014-03,Tuesday,False
2014-03-19 21:30:00,2014,1,3,March,2014-03,Wednesday,False
2014-03-20 21:30:00,2014,1,3,March,2014-03,Thursday,False
2014-03-21 21:30:00,2014,1,3,March,2014-03,Friday,False
2014-03-22 21:30:00,2014,1,3,March,2014-03,Saturday,True
2014-03-23 21:30:00,2014,1,3,March,2014-03,Sunday,True
2014-03-24 21:30:00,2014,1,3,March,2014-03,Monday,False
2014-03-25 21:30:00,2014,1,3,March,2014-03,Tuesday,False
2014-03-26 21:30:00,2014,1,3,March,2014-03,Wednesday,False
2014-03-27 21:30:00,2014,1,3,March,2014-03,Thursday,False
2014-03-28 21:30:00,2014,1,3,March,2014-03,Friday,False
2014-03-29 21:30:00,2014,1,3,March,2014-03,Saturday,True
2014-03-30 21:30:00,2014,1,3,March,2014-03,Sunday,True
2014-03-31 21:30:00,2014,1,3,March,2014-03,Monday,False
2014-04-01 21:30:00,2014,2,4,April,2014-04,Tuesday,False
2014-04-02 21:30:00,2014,2,4,April,2014-04,Wednesday,False
2014-04-03 21:30:00,2014,2,4,April,2014-04,Thursday,False
2014-04-04 21:30:00,2014,2,4,April,2014-04,Friday,False
2014-04-05 21:30:00,2014,2,4,April,2014-04,Saturday,True
2014-04-06 21:30:00,2014,2,4,April,2014-04,Sunday,True
2014-04-07 21:30:00,2014,2,4,April,2014-04,Monday,False
2014-04-08 21:30:00,2014,2,4,April,2014-04,Tuesday,False
2014-04-09 21:30:00,2014,2,4,April,2014-04,Wednesday,False
2014-04-10 21:30:00,2014,2,4,April,2014-04,Thursday,False
2014-04-11 21:30:00,2014,2,4,April,2014-04,Friday,False
2014-04-12 21:30:00,2014,2,4,April,2014-04,Saturday,True
2014-04-13 21:30:00,2014,2,4,April,2014-04,Sunday,True
2014-04-14 21:30:00,2014,2,4,April,2014-04,Monday,False
2014-04-15 21:30:00,2014,2,4,April,2014-04,Tuesday,False
2014-04-16 21:30:00,2014,2,4,April,2014-04,Wednesday,False
2014-04-17 21:30:00,2014,2,4,April,2014-04,Thursday,False
2014-04-18 21:30:00,2014,2,4,April,2014-04,Friday,False
2014-04-19 21:30:00,2014,2,4,April,2014-04,Saturday,True
2014-04-20 21:30:00,2014,2,4,April,2014-04,Sunday,True
2014-04-21 21:30:00,2014,2,4,April,2014-04,Monday,False
2014-04-22 21:30:00,2014,2,4,April,2014-04,Tuesday,False
2014-04-23 21:30:00,2014,2,4,April,2014-04,Wednesday,False
2014-04-24 21:30:00,2014,2,4,April,2014-04,Thursday,False
2014-04-25 21:30:00,2014,2,4,April,2014-04,Friday,False
2014-04-26 21:30:00,2014,2,4,April,2014-04,Saturday,True
2014-04-27 21:30:00,2014,2,4,April,2014-04,Sunday,True
2014-04-28 21:30:00,2014,2,4,April,2014-04,Monday,False
2014-04-29 21:30:00,2014,2,4,April,2014-04,Tuesday,False
2014-04-30 21:30:00,2014,2,4,April,2014-04,Wednesday,False
2014-05-01 21:30:00,2014,2,5,May,2014-05,Thursday,False
2014-05-02 21:30:00,2014,2,5,May,2014-05,Friday,False
2014-05-03 21:30:00,2014,2,5,May,2014-05,Saturday,True
2014-05-04 21:30:00,2014,2,5,May,2014-05,Sunday,True
2014-05-05 21:30:00,2014,2,5,May,2014-05,Monday,False
2014-05-06 21:30:00,2014,2,5,May,2014-05,Tuesday,False
2014-05-07 21:30:00,2014,2,5,May,2014-05,Wednesday,False
2014-05-08 21:30:00,2014,2,5,May,2014-05,Thursday,False
2014-05-09 21:30:00,2014,2,5,May,2014-05,Friday,False
2014-05-10 21:30:00,2014,2,5,May,2014-05,Saturday,True
2014-05-11 21:30:00,2014,2,5,May,2014-05,Sunday,True
2014-05-12 21:30:00,2014,2,5,May,2014-05,Monday,False
2014-05-13 21:30:00,2014,2,5,May,2014-05,Tuesday,False
2014-05-14 21:30:00,2014,2,5,May,2014-05,Wednesday,False
2014-05-15 21:30:00,2014,2,5,May,2014-05,Thursday,False
2014-05-16 21:30:00,2014,2,5,May,2014-05,Friday,False
2014-05-17 21:30:00,2014,2,5,May,2014-05,Saturday,True
2014-05-18 21:30:00,2014,2,5,May,2014-05,Sunday,True
2014-05-19 21:30:00,2014,2,5,May,2014-05,Monday,False
2014-05-20 21:30:00,2014,2,5,May,2014-05,Tuesday,False
2014-05-21 21:30:00,2014,2,5,May,2014-05,Wednesday,False
2014-05-22 21:30:00,2014,2,5,May,2014-05,Thursday,False
2014-05-23 21:30:00,2014,2,5,May,2014-05,Friday,False
2014-05-24 21:30:00,2014,2,5,May,2014-05,Saturday,True
2014-05-25 21:30:00,2014,2,5,May,2014-05,Sunday,True
2014-05-26 21:30:00,2014,2,5,May,2014-05,Monday,False
2014-05-27 21:30:00,2014,2,5,May,2014-05,Tuesday,False
2014-05-28 21:30:00,2014,2,5,May,2014-05,Wednesday,False
2014-05-29 21:30:00,2014,2,5,May,2014-05,Thursday,False
2014-05-30 21:30:00,2014,2,5,May,2014-05,Friday,False
2014-05-31 21:30:00,2014,2,5,May,2014-05,Saturday,True
2014-06-01 21:30:00,2014,2,6,June,2014-06,Sunday,True
2014-06-02 21:30:00,2014,2,6,June,2014-06,Monday,False
2014-06-03 21:30:00,2014,2,6,June,2014-06,Tuesday,False
2014-06-04 21:30:00,2014,2,6,June,2014-06,Wednesday,False
2014-06-05 21:30:00,2014,2,6,June,2014-06,Thursday,False
2014-06-06 21:30:00,2014,2,6,June,2014-06,Friday,False
2014-06-07 21:30:00,2014,2,6,June,2014-06,Saturday,True
2014-06-08 21:30:00,2014,2,6,June,2014-06,Sunday,True
2014-06-09 21:30:00,2014,2,6,June,2014-06,Monday,False
2014-06-10 21:30:00,2014,2,6,June,2014-06,Tuesday,False
2014-06-11 21:30:00,2014,2,6,June,2014-06,Wednesday,False
2014-06-12 21:30:00,2014,2,6,June,2014-06,Thursday,False
2014-06-13 21:30:00,2014,2,6,June,2014-06,Friday,False
2014-06-14 21:30:00,2014,2,6,June,2014-06,Saturday,True
2014-06-15 21:30:00,2014,2,6,June,2014-06,Sunday,True
2014-06-16 21:30:00,2014,2,6,June,2014-06,Monday,False
2014-06-17 21:30:00,2014,2,6,June,2014-06,Tuesday,False
2014-06-18 21:30:00,2014,2,6,June,2014-06,Wednesday,False
2014-06-19 21:30:00,2014,2,6,June,2014-06,Thursday,False
2014-06-20 21:30:00,2014,2,6,June,2014-06,Friday,False
2014-06-21 21:30:00,2014,2,6,June,2014-06,Saturday,True
2014-06-22 21:30:00,2014,2,6,June,2014-06,Sunday,True
2014-06-23 21:30:00,2014,2,6,June,2014-06,Monday,False
2014-06-24 21:30:00,2014,2,6,June,2014-06,Tuesday,False
2014-06-25 21:30:00,2014,2,6,June,2014-06,Wednesday,False
2014-06-26 21:30:00,2014,2,6,June,2014-06,Thursday,False
2014-06-27 21:30:00,2014,2,6,June,2014-06,Friday,False
2014-06-28 21:30:00,2014,2,6,June,2014-06,Saturday,True
2014-06-29 21:30:00,2014,2,6,June,2014-06,Sunday,True
