ProductID,ProductName,SubCategoryName,CategoryName,ListPrice,StandardCost
930,HL Mountain Tire,Tires and Tubes,Accessories,35.0,13.09
921,Mountain Tire Tube,Tires and Tubes,Accessories,4.99,1.8663
708,"Sport-100 Helmet, Black",Helmets,Accessories,34.99,13.0863
922,Road Tire Tube,Tires and Tubes,Accessories,3.99,1.4923
873,Patch Kit/8 Patches,Tires and Tubes,Accessories,2.29,0.8565
711,"Sport-100 Helmet, Blue",Helmets,Accessories,34.99,13.0863
859,"Half-Finger Gloves, M",Gloves,Clothing,24.49,9.1593
784,"Mountain-200 Black, 46",Mountain Bikes,Bikes,2294.99,1251.9813
878,Fender Set - Mountain,Fenders,Accessories,21.98,8.2205
880,Hydration Pack - 70 oz.,Hydration Packs,Accessories,54.99,20.5663
779,"Mountain-200 Silver, 38",Mountain Bikes,Bikes,2319.99,1265.6195
874,"Racing Socks, M",Socks,Clothing,8.99,3.3623
783,"Mountain-200 Black, 42",Mountain Bikes,Bikes,2294.99,1251.9813
870,Water Bottle - 30 oz.,Bottles and Cages,Accessories,4.99,1.8663
871,Mountain Bottle Cage,Bottles and Cages,Accessories,9.99,3.7363
883,"Short-Sleeve Classic Jersey, L",Jerseys,Clothing,53.99,41.5723
712,AWC Logo Cap,Caps,Clothing,8.99,6.9223
858,"Half-Finger Gloves, S",Gloves,Clothing,24.49,9.1593
781,"Mountain-200 Silver, 46",Mountain Bikes,Bikes,2319.99,1265.6195
963,"Touring-3000 Yellow, 54",Touring Bikes,Bikes,742.35,461.4448
872,Road Bottle Cage,Bottles and Cages,Accessories,8.99,3.3623
713,"Long-Sleeve Logo Jersey, S",Jerseys,Clothing,49.99,38.4923
752,"Road-150 Red, 52",Road Bikes,Bikes,3578.27,2171.2942
879,All-Purpose Bike Stand,Bike Stands,Accessories,159.0,59.466
716,"Long-Sleeve Logo Jersey, XL",Jerseys,Clothing,49.99,38.4923
864,"Classic Vest, S",Vests,Clothing,63.5,23.749
780,"Mountain-200 Silver, 42",Mountain Bikes,Bikes,2319.99,1265.6195
875,"Racing Socks, L",Socks,Clothing,8.99,3.3623
964,"Touring-3000 Yellow, 58",Touring Bikes,Bikes,742.35,461.4448
884,"Short-Sleeve Classic Jersey, XL",Jerseys,Clothing,53.99,41.5723
707,"Sport-100 Helmet, Red",Helmets,Accessories,34.99,13.0863
865,"Classic Vest, M",Vests,Clothing,63.5,23.749
751,"Road-150 Red, 48",Road Bikes,Bikes,3578.27,2171.2942
860,"Half-Finger Gloves, L",Gloves,Clothing,24.49,9.1593
876,Hitch Rack - 4-Bike,Bike Racks,Accessories,120.0,44.88
749,"Road-150 Red, 62",Road Bikes,Bikes,3578.27,2171.2942
961,"Touring-3000 Yellow, 44",Touring Bikes,Bikes,742.35,461.4448
866,"Classic Vest, L",Vests,Clothing,63.5,23.749
782,"Mountain-200 Black, 38",Mountain Bikes,Bikes,2294.99,1251.9813
959,"Touring-3000 Blue, 58",Touring Bikes,Bikes,742.35,461.4448
714,"Long-Sleeve Logo Jersey, M",Jerseys,Clothing,49.99,38.4923
750,"Road-150 Red, 44",Road Bikes,Bikes,3578.27,2171.2942
877,Bike Wash - Dissolver,Cleaners,Accessories,7.95,2.9733
881,"Short-Sleeve Classic Jersey, S",Jerseys,Clothing,53.99,41.5723
753,"Road-150 Red, 56",Road Bikes,Bikes,3578.27,2171.2942
882,"Short-Sleeve Classic Jersey, M",Jerseys,Clothing,53.99,41.5723
715,"Long-Sleeve Logo Jersey, L",Jerseys,Clothing,49.99,38.4923
981,"Mountain-400-W Silver, 40",Mountain Bikes,Bikes,769.49,419.7784
982,"Mountain-400-W Silver, 42",Mountain Bikes,Bikes,769.49,419.7784
929,ML Mountain Tire,Tires and Tubes,Accessories,29.99,11.2163
790,"Road-250 Red, 48",Road Bikes,Bikes,2443.35,1518.7864
796,"Road-250 Black, 58",Road Bikes,Bikes,2443.35,1554.9479
789,"Road-250 Red, 44",Road Bikes,Bikes,2443.35,1518.7864
795,"Road-250 Black, 52",Road Bikes,Bikes,2443.35,1554.9479
980,"Mountain-400-W Silver, 38",Mountain Bikes,Bikes,769.49,419.7784
793,"Road-250 Black, 44",Road Bikes,Bikes,2443.35,1554.9479
983,"Mountain-400-W Silver, 46",Mountain Bikes,Bikes,769.49,419.7784
867,"Women's Mountain Shorts, S",Shorts,Clothing,69.99,26.1763
868,"Women's Mountain Shorts, M",Shorts,Clothing,69.99,26.1763
792,"Road-250 Red, 58",Road Bikes,Bikes,2443.35,1554.9479
989,"Mountain-500 Black, 40",Mountain Bikes,Bikes,539.99,294.5797
791,"Road-250 Red, 52",Road Bikes,Bikes,2443.35,1518.7864
990,"Mountain-500 Black, 42",Mountain Bikes,Bikes,539.99,294.5797
986,"Mountain-500 Silver, 44",Mountain Bikes,Bikes,564.99,308.2179
794,"Road-250 Black, 48",Road Bikes,Bikes,2443.35,1554.9479
991,"Mountain-500 Black, 44",Mountain Bikes,Bikes,539.99,294.5797
984,"Mountain-500 Silver, 40",Mountain Bikes,Bikes,564.99,308.2179
928,LL Mountain Tire,Tires and Tubes,Accessories,24.99,9.3463
987,"Mountain-500 Silver, 48",Mountain Bikes,Bikes,564.99,308.2179
869,"Women's Mountain Shorts, L",Shorts,Clothing,69.99,26.1763
799,"Road-550-W Yellow, 42",Road Bikes,Bikes,1120.49,713.0798
797,"Road-550-W Yellow, 38",Road Bikes,Bikes,1120.49,713.0798
800,"Road-550-W Yellow, 44",Road Bikes,Bikes,1120.49,713.0798
798,"Road-550-W Yellow, 40",Road Bikes,Bikes,1120.49,713.0798
801,"Road-550-W Yellow, 48",Road Bikes,Bikes,1120.49,713.0798
974,"Road-350-W Yellow, 42",Road Bikes,Bikes,1700.99,1082.51
973,"Road-350-W Yellow, 40",Road Bikes,Bikes,1700.99,1082.51
932,ML Road Tire,Tires and Tubes,Accessories,24.99,9.3463
763,"Road-650 Red, 48",Road Bikes,Bikes,782.99,486.7066
765,"Road-650 Black, 58",Road Bikes,Bikes,782.99,486.7066
768,"Road-650 Black, 44",Road Bikes,Bikes,782.99,486.7066
760,"Road-650 Red, 60",Road Bikes,Bikes,782.99,486.7066
766,"Road-650 Black, 60",Road Bikes,Bikes,782.99,486.7066
759,"Road-650 Red, 58",Road Bikes,Bikes,782.99,486.7066
764,"Road-650 Red, 52",Road Bikes,Bikes,782.99,486.7066
767,"Road-650 Black, 62",Road Bikes,Bikes,782.99,486.7066
770,"Road-650 Black, 52",Road Bikes,Bikes,782.99,486.7066
769,"Road-650 Black, 48",Road Bikes,Bikes,782.99,486.7066
975,"Road-350-W Yellow, 44",Road Bikes,Bikes,1700.99,1082.51
761,"Road-650 Red, 62",Road Bikes,Bikes,782.99,486.7066
762,"Road-650 Red, 44",Road Bikes,Bikes,782.99,486.7066
985,"Mountain-500 Silver, 42",Mountain Bikes,Bikes,564.99,308.2179
992,"Mountain-500 Black, 48",Mountain Bikes,Bikes,539.99,294.5797
993,"Mountain-500 Black, 52",Mountain Bikes,Bikes,539.99,294.5797
988,"Mountain-500 Silver, 52",Mountain Bikes,Bikes,564.99,308.2179
998,"Road-750 Black, 48",Road Bikes,Bikes,539.99,343.6496
999,"Road-750 Black, 52",Road Bikes,Bikes,539.99,343.6496
977,"Road-750 Black, 58",Road Bikes,Bikes,539.99,343.6496
933,HL Road Tire,Tires and Tubes,Accessories,32.6,12.1924
997,"Road-750 Black, 44",Road Bikes,Bikes,539.99,343.6496
976,"Road-350-W Yellow, 48",Road Bikes,Bikes,1700.99,1082.51
931,LL Road Tire,Tires and Tubes,Accessories,21.49,8.0373
956,"Touring-1000 Yellow, 54",Touring Bikes,Bikes,2384.07,1481.9379
957,"Touring-1000 Yellow, 60",Touring Bikes,Bikes,2384.07,1481.9379
934,Touring Tire,Tires and Tubes,Accessories,28.99,10.8423
923,Touring Tire Tube,Tires and Tubes,Accessories,4.99,1.8663
954,"Touring-1000 Yellow, 46",Touring Bikes,Bikes,2384.07,1481.9379
955,"Touring-1000 Yellow, 50",Touring Bikes,Bikes,2384.07,1481.9379
969,"Touring-1000 Blue, 60",Touring Bikes,Bikes,2384.07,1481.9379
966,"Touring-1000 Blue, 46",Touring Bikes,Bikes,2384.07,1481.9379
967,"Touring-1000 Blue, 50",Touring Bikes,Bikes,2384.07,1481.9379
968,"Touring-1000 Blue, 54",Touring Bikes,Bikes,2384.07,1481.9379
953,"Touring-2000 Blue, 60",Touring Bikes,Bikes,1214.85,755.1508
970,"Touring-2000 Blue, 46",Touring Bikes,Bikes,1214.85,755.1508
972,"Touring-2000 Blue, 54",Touring Bikes,Bikes,1214.85,755.1508
962,"Touring-3000 Yellow, 50",Touring Bikes,Bikes,742.35,461.4448
971,"Touring-2000 Blue, 50",Touring Bikes,Bikes,1214.85,755.1508
771,"Mountain-100 Silver, 38",Mountain Bikes,Bikes,3399.99,1912.1544
773,"Mountain-100 Silver, 44",Mountain Bikes,Bikes,3399.99,1912.1544
778,"Mountain-100 Black, 48",Mountain Bikes,Bikes,3374.99,1898.0944
777,"Mountain-100 Black, 44",Mountain Bikes,Bikes,3374.99,1898.0944
772,"Mountain-100 Silver, 42",Mountain Bikes,Bikes,3399.99,1912.1544
776,"Mountain-100 Black, 42",Mountain Bikes,Bikes,3374.99,1898.0944
774,"Mountain-100 Silver, 48",Mountain Bikes,Bikes,3399.99,1912.1544
775,"Mountain-100 Black, 38",Mountain Bikes,Bikes,3374.99,1898.0944
979,"Touring-3000 Blue, 50",Touring Bikes,Bikes,742.35,461.4448
978,"Touring-3000 Blue, 44",Touring Bikes,Bikes,742.35,461.4448
960,"Touring-3000 Blue, 62",Touring Bikes,Bikes,742.35,461.4448
965,"Touring-3000 Yellow, 62",Touring Bikes,Bikes,742.35,461.4448
958,"Touring-3000 Blue, 54",Touring Bikes,Bikes,742.35,461.4448
816,ML Mountain Front Wheel,Wheels,Components,209.025,92.8071
739,"HL Mountain Frame - Silver, 42",Mountain Frames,Components,1364.5,747.2002
814,"ML Mountain Frame - Black, 38",Mountain Frames,Components,348.76,185.8193
748,"HL Mountain Frame - Silver, 38",Mountain Frames,Components,1364.5,747.2002
861,"Full-Finger Gloves, S",Gloves,Clothing,37.99,15.6709
817,HL Mountain Front Wheel,Wheels,Components,300.215,133.2955
743,"HL Mountain Frame - Black, 42",Mountain Frames,Components,1349.6,739.041
825,HL Mountain Rear Wheel,Wheels,Components,327.215,145.2835
709,"Mountain Bike Socks, M",Socks,Clothing,9.5,3.3963
815,LL Mountain Front Wheel,Wheels,Components,60.745,26.9708
849,"Men's Sports Shorts, M",Shorts,Clothing,59.99,24.7459
855,"Men's Bib-Shorts, S",Bib-Shorts,Clothing,89.99,37.1209
785,"Mountain-300 Black, 38",Mountain Bikes,Bikes,1079.99,598.4354
852,"Women's Tights, S",Tights,Clothing,74.99,30.9334
854,"Women's Tights, L",Tights,Clothing,74.99,30.9334
843,Cable Lock,Locks,Accessories,25.0,10.3125
810,HL Mountain Handlebars,Handlebars,Components,120.27,53.3999
824,ML Mountain Rear Wheel,Wheels,Components,236.025,104.7951
823,LL Mountain Rear Wheel,Wheels,Components,87.745,38.9588
857,"Men's Bib-Shorts, L",Bib-Shorts,Clothing,89.99,37.1209
863,"Full-Finger Gloves, L",Gloves,Clothing,37.99,15.6709
787,"Mountain-300 Black, 44",Mountain Bikes,Bikes,1079.99,598.4354
862,"Full-Finger Gloves, M",Gloves,Clothing,37.99,15.6709
831,"ML Mountain Frame - Black, 44",Mountain Frames,Components,348.76,185.8193
788,"Mountain-300 Black, 48",Mountain Bikes,Bikes,1079.99,598.4354
786,"Mountain-300 Black, 40",Mountain Bikes,Bikes,1079.99,598.4354
844,Minipump,Pumps,Accessories,19.99,8.2459
808,LL Mountain Handlebars,Handlebars,Components,44.54,19.7758
832,"ML Mountain Frame - Black, 48",Mountain Frames,Components,348.76,185.8193
809,ML Mountain Handlebars,Handlebars,Components,61.92,27.4925
856,"Men's Bib-Shorts, M",Bib-Shorts,Clothing,89.99,37.1209
904,"ML Mountain Frame-W - Silver, 40",Mountain Frames,Components,364.09,199.3757
935,LL Mountain Pedal,Pedals,Components,40.49,17.9776
936,ML Mountain Pedal,Pedals,Components,62.09,27.568
906,"ML Mountain Frame-W - Silver, 46",Mountain Frames,Components,364.09,199.3757
925,"LL Mountain Frame - Black, 44",Mountain Frames,Components,249.79,136.785
905,"ML Mountain Frame-W - Silver, 42",Mountain Frames,Components,364.09,199.3757
926,"LL Mountain Frame - Black, 48",Mountain Frames,Components,249.79,136.785
908,LL Mountain Seat/Saddle,Saddles,Components,27.12,12.0413
924,"LL Mountain Frame - Black, 42",Mountain Frames,Components,249.79,136.785
920,"LL Mountain Frame - Silver, 52",Mountain Frames,Components,264.05,144.5938
937,HL Mountain Pedal,Pedals,Components,80.99,35.9596
910,HL Mountain Seat/Saddle,Saddles,Components,52.64,23.3722
909,ML Mountain Seat/Saddle,Saddles,Components,39.14,17.3782
917,"LL Mountain Frame - Silver, 42",Mountain Frames,Components,264.05,144.5938
918,"LL Mountain Frame - Silver, 44",Mountain Frames,Components,264.05,144.5938
927,"LL Mountain Frame - Black, 52",Mountain Frames,Components,249.79,136.785
819,ML Road Front Wheel,Wheels,Components,248.385,110.2829
710,"Mountain Bike Socks, L",Socks,Clothing,9.5,3.3963
754,"Road-450 Red, 58",Road Bikes,Bikes,1457.99,884.7083
758,"Road-450 Red, 52",Road Bikes,Bikes,1457.99,884.7083
820,HL Road Front Wheel,Wheels,Components,330.06,146.5466
729,"LL Road Frame - Red, 60",Road Frames,Components,337.22,187.1571
826,LL Road Rear Wheel,Wheels,Components,112.565,49.9789
835,"ML Road Frame-W - Yellow, 44",Road Frames,Components,594.83,360.9428
939,ML Road Pedal,Pedals,Components,62.09,27.568
940,HL Road Pedal,Pedals,Components,80.99,35.9596
938,LL Road Pedal,Pedals,Components,40.49,17.9776
722,"LL Road Frame - Black, 58",Road Frames,Components,337.22,204.6251
813,HL Road Handlebars,Handlebars,Components,120.27,53.3999
894,Rear Derailleur,Derailleurs,Components,121.46,53.9282
916,HL Touring Seat/Saddle,Saddles,Components,52.64,23.3722
899,"LL Touring Frame - Yellow, 44",Touring Frames,Components,333.42,199.8519
994,LL Bottom Bracket,Bottom Brackets,Components,53.99,23.9716
952,Chain,Chains,Components,20.24,8.9866
886,"LL Touring Frame - Yellow, 62",Touring Frames,Components,333.42,199.8519
951,HL Crankset,Cranksets,Components,404.99,179.8156
996,HL Bottom Bracket,Bottom Brackets,Components,121.49,53.9416
949,LL Crankset,Cranksets,Components,175.49,77.9176
947,HL Touring Handlebars,Handlebars,Components,91.57,40.6571
885,"HL Touring Frame - Yellow, 60",Touring Frames,Components,1003.91,601.7437
893,"HL Touring Frame - Blue, 60",Touring Frames,Components,1003.91,601.7437
914,LL Touring Seat/Saddle,Saddles,Components,27.12,12.0413
892,"HL Touring Frame - Blue, 54",Touring Frames,Components,1003.91,601.7437
895,"LL Touring Frame - Blue, 50",Touring Frames,Components,333.42,199.8519
907,Rear Brakes,Brakes,Components,106.5,47.286
945,Front Derailleur,Derailleurs,Components,91.49,40.6216
889,"HL Touring Frame - Yellow, 54",Touring Frames,Components,1003.91,601.7437
948,Front Brakes,Brakes,Components,106.5,47.286
747,"HL Mountain Frame - Black, 38",Mountain Frames,Components,1349.6,739.041
805,LL Headset,Headsets,Components,34.2,15.1848
742,"HL Mountain Frame - Silver, 46",Mountain Frames,Components,1364.5,747.2002
850,"Men's Sports Shorts, L",Shorts,Clothing,59.99,24.7459
830,"ML Mountain Frame - Black, 40",Mountain Frames,Components,348.76,185.8193
806,ML Headset,Headsets,Components,102.29,45.4168
802,LL Fork,Forks,Components,148.22,65.8097
841,"Men's Sports Shorts, S",Shorts,Clothing,59.99,24.7459
807,HL Headset,Headsets,Components,124.73,55.3801
853,"Women's Tights, M",Tights,Clothing,74.99,30.9334
804,HL Fork,Forks,Components,229.49,101.8936
944,"LL Mountain Frame - Silver, 40",Mountain Frames,Components,264.05,144.5938
950,ML Crankset,Cranksets,Components,256.49,113.8816
919,"LL Mountain Frame - Silver, 48",Mountain Frames,Components,264.05,144.5938
741,"HL Mountain Frame - Silver, 48",Mountain Frames,Components,1364.5,706.811
745,"HL Mountain Frame - Black, 48",Mountain Frames,Components,1349.6,699.0928
744,"HL Mountain Frame - Black, 44",Mountain Frames,Components,1349.6,699.0928
717,"HL Road Frame - Red, 62",Road Frames,Components,1431.5,868.6342
718,"HL Road Frame - Red, 44",Road Frames,Components,1431.5,868.6342
738,"LL Road Frame - Black, 52",Road Frames,Components,337.22,204.6251
725,"LL Road Frame - Red, 44",Road Frames,Components,337.22,187.1571
757,"Road-450 Red, 48",Road Bikes,Bikes,1457.99,884.7083
755,"Road-450 Red, 60",Road Bikes,Bikes,1457.99,884.7083
756,"Road-450 Red, 44",Road Bikes,Bikes,1457.99,884.7083
732,"ML Road Frame - Red, 48",Road Frames,Components,594.83,352.1394
822,"ML Road Frame-W - Yellow, 38",Road Frames,Components,594.83,360.9428
726,"LL Road Frame - Red, 48",Road Frames,Components,337.22,187.1571
836,"ML Road Frame-W - Yellow, 48",Road Frames,Components,594.83,360.9428
730,"LL Road Frame - Red, 62",Road Frames,Components,337.22,187.1571
838,"HL Road Frame - Black, 44",Road Frames,Components,1431.5,868.6342
913,HL Road Seat/Saddle,Saddles,Components,52.64,23.3722
900,"LL Touring Frame - Yellow, 50",Touring Frames,Components,333.42,199.8519
887,"HL Touring Frame - Yellow, 46",Touring Frames,Components,1003.91,601.7437
915,ML Touring Seat/Saddle,Saddles,Components,39.14,17.3782
941,Touring Pedal,Pedals,Components,80.99,35.9596
946,LL Touring Handlebars,Handlebars,Components,46.09,20.464
890,"HL Touring Frame - Blue, 46",Touring Frames,Components,1003.91,601.7437
896,"LL Touring Frame - Blue, 54",Touring Frames,Components,333.42,199.8519
888,"HL Touring Frame - Yellow, 50",Touring Frames,Components,1003.91,601.7437
833,"ML Road Frame-W - Yellow, 40",Road Frames,Components,594.83,360.9428
723,"LL Road Frame - Black, 60",Road Frames,Components,337.22,204.6251
736,"LL Road Frame - Black, 44",Road Frames,Components,337.22,204.6251
727,"LL Road Frame - Red, 52",Road Frames,Components,337.22,187.1571
719,"HL Road Frame - Red, 48",Road Frames,Components,1431.5,868.6342
839,"HL Road Frame - Black, 48",Road Frames,Components,1431.5,868.6342
902,"LL Touring Frame - Yellow, 58",Touring Frames,Components,333.42,199.8519
903,"LL Touring Frame - Blue, 44",Touring Frames,Components,333.42,199.8519
891,"HL Touring Frame - Blue, 50",Touring Frames,Components,1003.91,601.7437
898,"LL Touring Frame - Blue, 62",Touring Frames,Components,333.42,199.8519
811,LL Road Handlebars,Handlebars,Components,44.54,19.7758
943,"LL Mountain Frame - Black, 40",Mountain Frames,Components,249.79,136.785
942,"ML Mountain Frame-W - Silver, 38",Mountain Frames,Components,364.09,199.3757
827,ML Road Rear Wheel,Wheels,Components,275.385,122.2709
828,HL Road Rear Wheel,Wheels,Components,357.06,158.5346
733,"ML Road Frame - Red, 52",Road Frames,Components,594.83,352.1394
911,LL Road Seat/Saddle,Saddles,Components,27.12,12.0413
897,"LL Touring Frame - Blue, 58",Touring Frames,Components,333.42,199.8519
